lang,term,distance,dim,rank,target_lang,target_term,distance_value
en,black,bottleneck,0,1,ru,зелёный,0.07564999163150787
en,black,bottleneck,0,2,ru,красный,0.07755237072706223
en,black,bottleneck,0,3,ru,серый,0.09177511930465698
en,black,bottleneck,0,4,ru,голубой,0.09482613950967789
en,black,bottleneck,0,5,ru,чёрный,0.0951906368136406
en,blue,bottleneck,0,1,ru,зелёный,0.061811864376068115
en,blue,bottleneck,0,2,ru,серый,0.07172898948192596
en,blue,bottleneck,0,3,ru,красный,0.07803729921579361
en,blue,bottleneck,0,4,es,verde,0.08007584512233734
en,blue,bottleneck,0,5,ru,голубой,0.08843377232551575
en,brown,bottleneck,0,1,es,verde,0.07496039569377899
en,brown,bottleneck,0,2,es,rosa,0.08797133713960648
en,brown,bottleneck,0,3,ru,красный,0.10139573365449905
en,brown,bottleneck,0,4,ru,белый,0.10912229865789413
en,brown,bottleneck,0,5,ru,серый,0.11118032783269882
en,gray,bottleneck,0,1,ru,серый,0.04985291138291359
en,gray,bottleneck,0,2,es,blanco,0.05095581337809563
en,gray,bottleneck,0,3,es,verde,0.05174689739942551
en,gray,bottleneck,0,4,ru,синий,0.06051567196846008
en,gray,bottleneck,0,5,ru,зелёный,0.06434055417776108
en,green,bottleneck,0,1,ru,красный,0.05833430215716362
en,green,bottleneck,0,2,ru,зелёный,0.06707550585269928
en,green,bottleneck,0,3,ru,серый,0.06880947202444077
en,green,bottleneck,0,4,es,verde,0.08481116592884064
en,green,bottleneck,0,5,ru,голубой,0.0923214927315712
en,orange,bottleneck,0,1,ru,зелёный,0.06529967486858368
en,orange,bottleneck,0,2,ru,серый,0.07023853808641434
en,orange,bottleneck,0,3,es,verde,0.07673926651477814
en,orange,bottleneck,0,4,ru,красный,0.08168760687112808
en,orange,bottleneck,0,5,ru,синий,0.08332547545433044
en,pink,bottleneck,0,1,es,verde,0.05421404168009758
en,pink,bottleneck,0,2,ru,белый,0.0643836259841919
en,pink,bottleneck,0,3,es,blanco,0.06509964913129807
en,pink,bottleneck,0,4,ru,серый,0.06995465606451035
en,pink,bottleneck,0,5,es,naranja,0.07138092070817947
en,purple,bottleneck,0,1,es,blanco,0.06182907894253731
en,purple,bottleneck,0,2,ru,зелёный,0.06426820158958435
en,purple,bottleneck,0,3,ru,синий,0.06970912963151932
en,purple,bottleneck,0,4,es,gris,0.07686719298362732
en,purple,bottleneck,0,5,es,verde,0.07945335656404495
en,red,bottleneck,0,1,ru,зелёный,0.05097775533795357
en,red,bottleneck,0,2,ru,чёрный,0.055007606744766235
en,red,bottleneck,0,3,ru,красный,0.05846367031335831
en,red,bottleneck,0,4,es,verde,0.06606481224298477
en,red,bottleneck,0,5,ru,белый,0.06612015515565872
en,white,bottleneck,0,1,ru,красный,0.08070825785398483
en,white,bottleneck,0,2,es,verde,0.08170291036367416
en,white,bottleneck,0,3,ru,серый,0.08637098222970963
en,white,bottleneck,0,4,ru,чёрный,0.09769296646118164
en,white,bottleneck,0,5,ru,зелёный,0.10556722432374954
en,yellow,bottleneck,0,1,es,verde,0.05530562624335289
en,yellow,bottleneck,0,2,ru,чёрный,0.05603093281388283
en,yellow,bottleneck,0,3,ru,серый,0.0575091615319252
en,yellow,bottleneck,0,4,ru,жёлтый,0.06074468791484833
en,yellow,bottleneck,0,5,ru,зелёный,0.062045514583587646
es,amarillo,bottleneck,0,1,ru,оранжевый,0.05681244656443596
es,amarillo,bottleneck,0,2,ru,синий,0.06855278462171555
es,amarillo,bottleneck,0,3,en,gray,0.0751941055059433
es,amarillo,bottleneck,0,4,en,yellow,0.07628610730171204
es,amarillo,bottleneck,0,5,ru,серый,0.07752431929111481
es,azul,bottleneck,0,1,en,gray,0.07419193536043167
es,azul,bottleneck,0,2,en,pink,0.07485729455947876
es,azul,bottleneck,0,3,en,purple,0.08181740343570709
es,azul,bottleneck,0,4,ru,оранжевый,0.08868937194347382
es,azul,bottleneck,0,5,ru,синий,0.09609764814376831
es,blanco,bottleneck,0,1,en,gray,0.05095581337809563
es,blanco,bottleneck,0,2,en,purple,0.06182907894253731
es,blanco,bottleneck,0,3,en,pink,0.06509964913129807
es,blanco,bottleneck,0,4,ru,серый,0.06693008542060852
es,blanco,bottleneck,0,5,ru,синий,0.0695251077413559
es,gris,bottleneck,0,1,ru,синий,0.06816204637289047
es,gris,bottleneck,0,2,ru,серый,0.07306194305419922
es,gris,bottleneck,0,3,en,gray,0.07575011998414993
es,gris,bottleneck,0,4,en,purple,0.07686719298362732
es,gris,bottleneck,0,5,ru,розовый,0.0778885930776596
es,marrón,bottleneck,0,1,ru,оранжевый,0.10169795900583267
es,marrón,bottleneck,0,2,en,pink,0.10172830522060394
es,marrón,bottleneck,0,3,ru,синий,0.10515527427196503
es,marrón,bottleneck,0,4,ru,коричневый,0.1097639799118042
es,marrón,bottleneck,0,5,ru,серый,0.11618693917989731
es,morado,bottleneck,0,1,en,pink,0.09457794576883316
es,morado,bottleneck,0,2,ru,оранжевый,0.09571082144975662
es,morado,bottleneck,0,3,en,purple,0.10227612406015396
es,morado,bottleneck,0,4,en,gray,0.10261128842830658
es,morado,bottleneck,0,5,ru,синий,0.10327368974685669
es,naranja,bottleneck,0,1,en,pink,0.07138092070817947
es,naranja,bottleneck,0,2,ru,синий,0.0789792537689209
es,naranja,bottleneck,0,3,ru,коричневый,0.08759187906980515
es,naranja,bottleneck,0,4,en,purple,0.08985806256532669
es,naranja,bottleneck,0,5,ru,оранжевый,0.09232307225465775
es,negro,bottleneck,0,1,ru,синий,0.06690011918544769
es,negro,bottleneck,0,2,ru,серый,0.07138380408287048
es,negro,bottleneck,0,3,en,gray,0.07669998705387115
es,negro,bottleneck,0,4,en,pink,0.07901868969202042
es,negro,bottleneck,0,5,ru,розовый,0.0799877867102623
es,rojo,bottleneck,0,1,ru,синий,0.06958524137735367
es,rojo,bottleneck,0,2,ru,серый,0.07222913950681686
es,rojo,bottleneck,0,3,en,gray,0.07399445027112961
es,rojo,bottleneck,0,4,ru,розовый,0.07838878035545349
es,rojo,bottleneck,0,5,ru,зелёный,0.08039183169603348
es,rosa,bottleneck,0,1,en,gray,0.0761365219950676
es,rosa,bottleneck,0,2,ru,синий,0.08278819173574448
es,rosa,bottleneck,0,3,en,pink,0.08290758728981018
es,rosa,bottleneck,0,4,en,purple,0.08651819080114365
es,rosa,bottleneck,0,5,en,brown,0.08797133713960648
es,verde,bottleneck,0,1,ru,серый,0.04732950031757355
es,verde,bottleneck,0,2,en,gray,0.05174689739942551
es,verde,bottleneck,0,3,en,pink,0.05421404168009758
es,verde,bottleneck,0,4,ru,розовый,0.054767925292253494
es,verde,bottleneck,0,5,en,yellow,0.05530562624335289
ru,белый,bottleneck,0,1,en,pink,0.0643836259841919
ru,белый,bottleneck,0,2,es,verde,0.06514488160610199
ru,белый,bottleneck,0,3,en,red,0.06612015515565872
ru,белый,bottleneck,0,4,en,yellow,0.07252620160579681
ru,белый,bottleneck,0,5,en,gray,0.07413551211357117
ru,голубой,bottleneck,0,1,en,yellow,0.06571740657091141
ru,голубой,bottleneck,0,2,es,verde,0.06677695363759995
ru,голубой,bottleneck,0,3,en,red,0.0688362568616867
ru,голубой,bottleneck,0,4,en,gray,0.07284591346979141
ru,голубой,bottleneck,0,5,en,blue,0.08843377232551575
ru,жёлтый,bottleneck,0,1,en,yellow,0.06074468791484833
ru,жёлтый,bottleneck,0,2,es,verde,0.06391841173171997
ru,жёлтый,bottleneck,0,3,en,gray,0.06604178994894028
ru,жёлтый,bottleneck,0,4,en,red,0.06709709018468857
ru,жёлтый,bottleneck,0,5,es,rojo,0.0832514688372612
ru,зелёный,bottleneck,0,1,en,red,0.05097775533795357
ru,зелёный,bottleneck,0,2,en,blue,0.061811864376068115
ru,зелёный,bottleneck,0,3,en,yellow,0.062045514583587646
ru,зелёный,bottleneck,0,4,en,purple,0.06426820158958435
ru,зелёный,bottleneck,0,5,en,gray,0.06434055417776108
ru,коричневый,bottleneck,0,1,es,naranja,0.08759187906980515
ru,коричневый,bottleneck,0,2,es,amarillo,0.08950803428888321
ru,коричневый,bottleneck,0,3,es,gris,0.10125616192817688
ru,коричневый,bottleneck,0,4,en,pink,0.10185462236404419
ru,коричневый,bottleneck,0,5,es,azul,0.10337129980325699
ru,красный,bottleneck,0,1,en,green,0.05833430215716362
ru,красный,bottleneck,0,2,en,red,0.05846367031335831
ru,красный,bottleneck,0,3,en,yellow,0.0631060004234314
ru,красный,bottleneck,0,4,en,black,0.07755237072706223
ru,красный,bottleneck,0,5,en,blue,0.07803729921579361
ru,оранжевый,bottleneck,0,1,es,amarillo,0.05681244656443596
ru,оранжевый,bottleneck,0,2,es,verde,0.07068221271038055
ru,оранжевый,bottleneck,0,3,es,gris,0.08864672482013702
ru,оранжевый,bottleneck,0,4,es,azul,0.08868937194347382
ru,оранжевый,bottleneck,0,5,es,rosa,0.09225770086050034
ru,розовый,bottleneck,0,1,es,verde,0.054767925292253494
ru,розовый,bottleneck,0,2,es,gris,0.0778885930776596
ru,розовый,bottleneck,0,3,en,pink,0.07796341925859451
ru,розовый,bottleneck,0,4,es,rojo,0.07838878035545349
ru,розовый,bottleneck,0,5,es,negro,0.0799877867102623
ru,серый,bottleneck,0,1,es,verde,0.04732950031757355
ru,серый,bottleneck,0,2,en,gray,0.04985291138291359
ru,серый,bottleneck,0,3,en,yellow,0.0575091615319252
ru,серый,bottleneck,0,4,en,red,0.06643380969762802
ru,серый,bottleneck,0,5,es,blanco,0.06693008542060852
ru,синий,bottleneck,0,1,en,gray,0.06051567196846008
ru,синий,bottleneck,0,2,es,negro,0.06690011918544769
ru,синий,bottleneck,0,3,es,gris,0.06816204637289047
ru,синий,bottleneck,0,4,es,amarillo,0.06855278462171555
ru,синий,bottleneck,0,5,es,blanco,0.0695251077413559
ru,фиолетовый,bottleneck,0,1,es,morado,0.10549235343933105
ru,фиолетовый,bottleneck,0,2,es,naranja,0.10694440454244614
ru,фиолетовый,bottleneck,0,3,es,marrón,0.12060286104679108
ru,фиолетовый,bottleneck,0,4,es,azul,0.1282714605331421
ru,фиолетовый,bottleneck,0,5,es,rosa,0.1328382045030594
ru,чёрный,bottleneck,0,1,en,red,0.055007606744766235
ru,чёрный,bottleneck,0,2,en,yellow,0.05603093281388283
ru,чёрный,bottleneck,0,3,es,verde,0.0671430230140686
ru,чёрный,bottleneck,0,4,en,gray,0.0735224187374115
ru,чёрный,bottleneck,0,5,es,rojo,0.09347202628850937
en,black,bottleneck,1,1,ru,чёрный,0.032878149300813675
en,black,bottleneck,1,2,ru,жёлтый,0.03473706915974617
en,black,bottleneck,1,3,es,verde,0.036292027682065964
en,black,bottleneck,1,4,ru,коричневый,0.036835502833127975
en,black,bottleneck,1,5,ru,синий,0.03812503442168236
en,blue,bottleneck,1,1,ru,зелёный,0.026491031050682068
en,blue,bottleneck,1,2,es,negro,0.028966719284653664
en,blue,bottleneck,1,3,ru,чёрный,0.029018685221672058
en,blue,bottleneck,1,4,es,verde,0.029118217527866364
en,blue,bottleneck,1,5,es,blanco,0.030292075127363205
en,brown,bottleneck,1,1,ru,коричневый,0.028605695813894272
en,brown,bottleneck,1,2,es,verde,0.035197626799345016
en,brown,bottleneck,1,3,ru,серый,0.03579431772232056
en,brown,bottleneck,1,4,es,rosa,0.03691516071557999
en,brown,bottleneck,1,5,es,morado,0.03692185878753662
en,gray,bottleneck,1,1,es,negro,0.045831456780433655
en,gray,bottleneck,1,2,es,naranja,0.04607585445046425
en,gray,bottleneck,1,3,ru,серый,0.046491049230098724
en,gray,bottleneck,1,4,ru,коричневый,0.04815534129738808
en,gray,bottleneck,1,5,es,amarillo,0.04949701949954033
en,green,bottleneck,1,1,ru,зелёный,0.026648616418242455
en,green,bottleneck,1,2,es,blanco,0.028217336162924767
en,green,bottleneck,1,3,ru,белый,0.028729872778058052
en,green,bottleneck,1,4,es,verde,0.03144287317991257
en,green,bottleneck,1,5,ru,розовый,0.0315084308385849
en,orange,bottleneck,1,1,es,naranja,0.029994498938322067
en,orange,bottleneck,1,2,ru,серый,0.03204938769340515
en,orange,bottleneck,1,3,es,amarillo,0.0338735394179821
en,orange,bottleneck,1,4,es,azul,0.033879466354846954
en,orange,bottleneck,1,5,ru,коричневый,0.03504675254225731
en,pink,bottleneck,1,1,es,gris,0.02164524234831333
en,pink,bottleneck,1,2,es,rojo,0.02374657429754734
en,pink,bottleneck,1,3,es,marrón,0.024080082774162292
en,pink,bottleneck,1,4,es,rosa,0.024205463007092476
en,pink,bottleneck,1,5,ru,коричневый,0.024736031889915466
en,purple,bottleneck,1,1,ru,чёрный,0.02131829597055912
en,purple,bottleneck,1,2,es,verde,0.022407831624150276
en,purple,bottleneck,1,3,ru,синий,0.024215765297412872
en,purple,bottleneck,1,4,ru,голубой,0.02437789924442768
en,purple,bottleneck,1,5,es,gris,0.02521338500082493
en,red,bottleneck,1,1,ru,чёрный,0.024582281708717346
en,red,bottleneck,1,2,es,amarillo,0.026122208684682846
en,red,bottleneck,1,3,ru,коричневый,0.027521278709173203
en,red,bottleneck,1,4,ru,оранжевый,0.02885824255645275
en,red,bottleneck,1,5,es,morado,0.02921554632484913
en,white,bottleneck,1,1,ru,чёрный,0.021635791286826134
en,white,bottleneck,1,2,ru,коричневый,0.022517729550600052
en,white,bottleneck,1,3,es,rojo,0.023375513032078743
en,white,bottleneck,1,4,es,gris,0.02440463751554489
en,white,bottleneck,1,5,es,rosa,0.024925248697400093
en,yellow,bottleneck,1,1,ru,коричневый,0.024507297202944756
en,yellow,bottleneck,1,2,es,amarillo,0.027596063911914825
en,yellow,bottleneck,1,3,es,rosa,0.031144261360168457
en,yellow,bottleneck,1,4,es,naranja,0.03294912353157997
en,yellow,bottleneck,1,5,es,negro,0.03452416881918907
es,amarillo,bottleneck,1,1,ru,коричневый,0.024916639551520348
es,amarillo,bottleneck,1,2,en,red,0.026122208684682846
es,amarillo,bottleneck,1,3,en,yellow,0.027596063911914825
es,amarillo,bottleneck,1,4,ru,белый,0.028925549238920212
es,amarillo,bottleneck,1,5,en,white,0.02927207015454769
es,azul,bottleneck,1,1,en,white,0.026724718511104584
es,azul,bottleneck,1,2,en,pink,0.027460690587759018
es,azul,bottleneck,1,3,ru,коричневый,0.027909934520721436
es,azul,bottleneck,1,4,ru,оранжевый,0.02793097123503685
es,azul,bottleneck,1,5,ru,синий,0.029414519667625427
es,blanco,bottleneck,1,1,ru,чёрный,0.023221151903271675
es,blanco,bottleneck,1,2,ru,зелёный,0.025223921984434128
es,blanco,bottleneck,1,3,en,white,0.026787398383021355
es,blanco,bottleneck,1,4,en,green,0.028217336162924767
es,blanco,bottleneck,1,5,ru,розовый,0.028612183406949043
es,gris,bottleneck,1,1,en,pink,0.02164524234831333
es,gris,bottleneck,1,2,ru,коричневый,0.02410561963915825
es,gris,bottleneck,1,3,en,white,0.02440463751554489
es,gris,bottleneck,1,4,en,purple,0.02521338500082493
es,gris,bottleneck,1,5,ru,чёрный,0.02643386460840702
es,marrón,bottleneck,1,1,en,pink,0.024080082774162292
es,marrón,bottleneck,1,2,ru,оранжевый,0.024926219135522842
es,marrón,bottleneck,1,3,en,white,0.02670539915561676
es,marrón,bottleneck,1,4,ru,фиолетовый,0.027218101546168327
es,marrón,bottleneck,1,5,ru,синий,0.029366346076130867
es,morado,bottleneck,1,1,ru,розовый,0.024856233969330788
es,morado,bottleneck,1,2,ru,коричневый,0.02682477794587612
es,morado,bottleneck,1,3,en,white,0.026905791833996773
es,morado,bottleneck,1,4,en,red,0.02921554632484913
es,morado,bottleneck,1,5,ru,белый,0.031179573386907578
es,naranja,bottleneck,1,1,en,pink,0.024870190769433975
es,naranja,bottleneck,1,2,ru,коричневый,0.027223825454711914
es,naranja,bottleneck,1,3,en,orange,0.029994498938322067
es,naranja,bottleneck,1,4,ru,голубой,0.031493812799453735
es,naranja,bottleneck,1,5,en,red,0.032905954867601395
es,negro,bottleneck,1,1,en,white,0.026272205635905266
es,negro,bottleneck,1,2,en,purple,0.02786080911755562
es,negro,bottleneck,1,3,ru,коричневый,0.028141550719738007
es,negro,bottleneck,1,4,en,blue,0.028966719284653664
es,negro,bottleneck,1,5,en,pink,0.029144812375307083
es,rojo,bottleneck,1,1,en,white,0.023375513032078743
es,rojo,bottleneck,1,2,ru,фиолетовый,0.023467646911740303
es,rojo,bottleneck,1,3,en,pink,0.02374657429754734
es,rojo,bottleneck,1,4,ru,розовый,0.024975452572107315
es,rojo,bottleneck,1,5,ru,оранжевый,0.028025787323713303
es,rosa,bottleneck,1,1,en,pink,0.024205463007092476
es,rosa,bottleneck,1,2,en,white,0.024925248697400093
es,rosa,bottleneck,1,3,ru,фиолетовый,0.027363764122128487
es,rosa,bottleneck,1,4,en,purple,0.02761181816458702
es,rosa,bottleneck,1,5,ru,оранжевый,0.02896556816995144
es,verde,bottleneck,1,1,en,purple,0.022407831624150276
es,verde,bottleneck,1,2,ru,серый,0.023310579359531403
es,verde,bottleneck,1,3,ru,коричневый,0.02454417571425438
es,verde,bottleneck,1,4,en,pink,0.026961378753185272
es,verde,bottleneck,1,5,en,blue,0.029118217527866364
ru,белый,bottleneck,1,1,en,green,0.028729872778058052
ru,белый,bottleneck,1,2,es,amarillo,0.028925549238920212
ru,белый,bottleneck,1,3,es,negro,0.030310966074466705
ru,белый,bottleneck,1,4,es,morado,0.031179573386907578
ru,белый,bottleneck,1,5,es,blanco,0.03202255070209503
ru,голубой,bottleneck,1,1,en,purple,0.02437789924442768
ru,голубой,bottleneck,1,2,en,pink,0.02572299726307392
ru,голубой,bottleneck,1,3,en,white,0.027382822707295418
ru,голубой,bottleneck,1,4,es,rojo,0.02817373536527157
ru,голубой,bottleneck,1,5,es,verde,0.03052305243909359
ru,жёлтый,bottleneck,1,1,en,white,0.027331851422786713
ru,жёлтый,bottleneck,1,2,en,purple,0.029174990952014923
ru,жёлтый,bottleneck,1,3,es,rosa,0.03081856481730938
ru,жёлтый,bottleneck,1,4,es,verde,0.031444717198610306
ru,жёлтый,bottleneck,1,5,es,gris,0.032007839530706406
ru,зелёный,bottleneck,1,1,es,blanco,0.025223921984434128
ru,зелёный,bottleneck,1,2,en,blue,0.026491031050682068
ru,зелёный,bottleneck,1,3,en,green,0.026648616418242455
ru,зелёный,bottleneck,1,4,en,purple,0.02691514976322651
ru,зелёный,bottleneck,1,5,en,white,0.028653094545006752
ru,коричневый,bottleneck,1,1,en,white,0.022517729550600052
ru,коричневый,bottleneck,1,2,es,gris,0.02410561963915825
ru,коричневый,bottleneck,1,3,en,yellow,0.024507297202944756
ru,коричневый,bottleneck,1,4,es,verde,0.02454417571425438
ru,коричневый,bottleneck,1,5,en,pink,0.024736031889915466
ru,красный,bottleneck,1,1,en,green,0.03330108895897865
ru,красный,bottleneck,1,2,es,blanco,0.04680972173810005
ru,красный,bottleneck,1,3,es,negro,0.047040656208992004
ru,красный,bottleneck,1,4,en,red,0.04900117591023445
ru,красный,bottleneck,1,5,en,orange,0.05136037990450859
ru,оранжевый,bottleneck,1,1,es,marrón,0.024926219135522842
ru,оранжевый,bottleneck,1,2,en,white,0.026649629697203636
ru,оранжевый,bottleneck,1,3,es,azul,0.02793097123503685
ru,оранжевый,bottleneck,1,4,en,purple,0.02799157053232193
ru,оранжевый,bottleneck,1,5,es,rojo,0.028025787323713303
ru,розовый,bottleneck,1,1,es,morado,0.024856233969330788
ru,розовый,bottleneck,1,2,es,rojo,0.024975452572107315
ru,розовый,bottleneck,1,3,en,purple,0.026713058352470398
ru,розовый,bottleneck,1,4,en,white,0.026877423748373985
ru,розовый,bottleneck,1,5,es,blanco,0.028612183406949043
ru,серый,bottleneck,1,1,es,verde,0.023310579359531403
ru,серый,bottleneck,1,2,es,rojo,0.031056983396410942
ru,серый,bottleneck,1,3,es,gris,0.03166958689689636
ru,серый,bottleneck,1,4,es,negro,0.03183019533753395
ru,серый,bottleneck,1,5,en,orange,0.03204938769340515
ru,синий,bottleneck,1,1,en,purple,0.024215765297412872
ru,синий,bottleneck,1,2,en,pink,0.029164334759116173
ru,синий,bottleneck,1,3,es,verde,0.029358308762311935
ru,синий,bottleneck,1,4,es,rojo,0.02936631254851818
ru,синий,bottleneck,1,5,es,marrón,0.029366346076130867
ru,фиолетовый,bottleneck,1,1,es,rojo,0.023467646911740303
ru,фиолетовый,bottleneck,1,2,es,marrón,0.027218101546168327
ru,фиолетовый,bottleneck,1,3,es,rosa,0.027363764122128487
ru,фиолетовый,bottleneck,1,4,en,white,0.028918622061610222
ru,фиолетовый,bottleneck,1,5,en,pink,0.030994592234492302
ru,чёрный,bottleneck,1,1,en,purple,0.02131829597055912
ru,чёрный,bottleneck,1,2,en,white,0.021635791286826134
ru,чёрный,bottleneck,1,3,es,blanco,0.023221151903271675
ru,чёрный,bottleneck,1,4,en,red,0.024582281708717346
ru,чёрный,bottleneck,1,5,es,gris,0.02643386460840702
en,black,sliced_wasserstein,0,1,ru,красный,3.0940053462982178
en,black,sliced_wasserstein,0,2,ru,зелёный,6.794459342956543
en,black,sliced_wasserstein,0,3,ru,серый,6.882206916809082
en,black,sliced_wasserstein,0,4,ru,чёрный,7.8509135246276855
en,black,sliced_wasserstein,0,5,es,blanco,8.279284477233887
en,blue,sliced_wasserstein,0,1,ru,красный,2.7639269828796387
en,blue,sliced_wasserstein,0,2,ru,серый,5.193821430206299
en,blue,sliced_wasserstein,0,3,ru,зелёный,5.704695224761963
en,blue,sliced_wasserstein,0,4,es,blanco,6.341917037963867
en,blue,sliced_wasserstein,0,5,ru,чёрный,6.805302143096924
en,brown,sliced_wasserstein,0,1,ru,серый,2.7740304470062256
en,brown,sliced_wasserstein,0,2,es,blanco,2.961839199066162
en,brown,sliced_wasserstein,0,3,es,negro,3.9013030529022217
en,brown,sliced_wasserstein,0,4,es,verde,4.375810623168945
en,brown,sliced_wasserstein,0,5,ru,красный,4.5374274253845215
en,gray,sliced_wasserstein,0,1,ru,серый,2.5082805156707764
en,gray,sliced_wasserstein,0,2,es,blanco,2.510305166244507
en,gray,sliced_wasserstein,0,3,es,negro,3.1289262771606445
en,gray,sliced_wasserstein,0,4,es,verde,3.613191843032837
en,gray,sliced_wasserstein,0,5,es,rojo,3.9582858085632324
en,green,sliced_wasserstein,0,1,ru,красный,2.658306360244751
en,green,sliced_wasserstein,0,2,ru,серый,5.292891502380371
en,green,sliced_wasserstein,0,3,ru,зелёный,5.59839391708374
en,green,sliced_wasserstein,0,4,es,blanco,6.529544830322266
en,green,sliced_wasserstein,0,5,ru,чёрный,6.684107780456543
en,orange,sliced_wasserstein,0,1,ru,красный,2.641169309616089
en,orange,sliced_wasserstein,0,2,ru,серый,4.2743239402771
en,orange,sliced_wasserstein,0,3,ru,зелёный,5.244636535644531
en,orange,sliced_wasserstein,0,4,es,blanco,5.387208461761475
en,orange,sliced_wasserstein,0,5,es,negro,6.117854118347168
en,pink,sliced_wasserstein,0,1,es,verde,2.4775123596191406
en,pink,sliced_wasserstein,0,2,es,gris,2.510446071624756
en,pink,sliced_wasserstein,0,3,es,rojo,3.0517847537994385
en,pink,sliced_wasserstein,0,4,ru,синий,3.4411959648132324
en,pink,sliced_wasserstein,0,5,es,rosa,3.6741087436676025
en,purple,sliced_wasserstein,0,1,ru,серый,2.396364212036133
en,purple,sliced_wasserstein,0,2,es,blanco,3.334256649017334
en,purple,sliced_wasserstein,0,3,es,negro,3.3823771476745605
en,purple,sliced_wasserstein,0,4,es,verde,3.5329298973083496
en,purple,sliced_wasserstein,0,5,es,rojo,3.716402292251587
en,red,sliced_wasserstein,0,1,ru,серый,3.280146360397339
en,red,sliced_wasserstein,0,2,ru,красный,3.3665192127227783
en,red,sliced_wasserstein,0,3,ru,зелёный,4.328800201416016
en,red,sliced_wasserstein,0,4,ru,белый,4.346767902374268
en,red,sliced_wasserstein,0,5,ru,чёрный,4.772793292999268
en,white,sliced_wasserstein,0,1,ru,красный,3.450943946838379
en,white,sliced_wasserstein,0,2,ru,серый,6.6972784996032715
en,white,sliced_wasserstein,0,3,ru,зелёный,6.703094482421875
en,white,sliced_wasserstein,0,4,es,blanco,7.699387073516846
en,white,sliced_wasserstein,0,5,ru,чёрный,7.729963779449463
en,yellow,sliced_wasserstein,0,1,ru,серый,2.569794178009033
en,yellow,sliced_wasserstein,0,2,es,verde,4.028802871704102
en,yellow,sliced_wasserstein,0,3,ru,красный,4.279261589050293
en,yellow,sliced_wasserstein,0,4,ru,белый,4.313566207885742
en,yellow,sliced_wasserstein,0,5,es,blanco,4.580841541290283
es,amarillo,sliced_wasserstein,0,1,ru,синий,3.1526803970336914
es,amarillo,sliced_wasserstein,0,2,en,pink,3.911173105239868
es,amarillo,sliced_wasserstein,0,3,ru,жёлтый,4.6146240234375
es,amarillo,sliced_wasserstein,0,4,ru,белый,5.4203009605407715
es,amarillo,sliced_wasserstein,0,5,ru,коричневый,5.672227382659912
es,azul,sliced_wasserstein,0,1,en,pink,3.7439663410186768
es,azul,sliced_wasserstein,0,2,ru,синий,5.340192794799805
es,azul,sliced_wasserstein,0,3,en,purple,6.24275016784668
es,azul,sliced_wasserstein,0,4,ru,серый,6.278868675231934
es,azul,sliced_wasserstein,0,5,en,gray,6.641761302947998
es,blanco,sliced_wasserstein,0,1,en,gray,2.510305166244507
es,blanco,sliced_wasserstein,0,2,en,brown,2.961839199066162
es,blanco,sliced_wasserstein,0,3,en,purple,3.334256649017334
es,blanco,sliced_wasserstein,0,4,ru,серый,3.76430606842041
es,blanco,sliced_wasserstein,0,5,en,yellow,4.580841541290283
es,gris,sliced_wasserstein,0,1,en,pink,2.510446071624756
es,gris,sliced_wasserstein,0,2,ru,синий,4.062307834625244
es,gris,sliced_wasserstein,0,3,ru,серый,5.075945854187012
es,gris,sliced_wasserstein,0,4,en,purple,5.175792217254639
es,gris,sliced_wasserstein,0,5,en,gray,5.290363311767578
es,marrón,sliced_wasserstein,0,1,ru,коричневый,5.9423933029174805
es,marrón,sliced_wasserstein,0,2,en,pink,6.628086566925049
es,marrón,sliced_wasserstein,0,3,ru,синий,6.764441967010498
es,marrón,sliced_wasserstein,0,4,ru,жёлтый,7.813470363616943
es,marrón,sliced_wasserstein,0,5,ru,оранжевый,8.164958000183105
es,morado,sliced_wasserstein,0,1,ru,оранжевый,5.681975364685059
es,morado,sliced_wasserstein,0,2,ru,синий,6.81935453414917
es,morado,sliced_wasserstein,0,3,ru,розовый,7.377955913543701
es,morado,sliced_wasserstein,0,4,ru,коричневый,8.123215675354004
es,morado,sliced_wasserstein,0,5,en,pink,8.166704177856445
es,naranja,sliced_wasserstein,0,1,ru,оранжевый,4.903390407562256
es,naranja,sliced_wasserstein,0,2,ru,синий,6.071444988250732
es,naranja,sliced_wasserstein,0,3,ru,розовый,6.502213001251221
es,naranja,sliced_wasserstein,0,4,ru,коричневый,7.231681823730469
es,naranja,sliced_wasserstein,0,5,ru,жёлтый,7.485306739807129
es,negro,sliced_wasserstein,0,1,en,gray,3.1289262771606445
es,negro,sliced_wasserstein,0,2,en,purple,3.3823771476745605
es,negro,sliced_wasserstein,0,3,en,brown,3.9013030529022217
es,negro,sliced_wasserstein,0,4,ru,серый,4.0070061683654785
es,negro,sliced_wasserstein,0,5,en,pink,5.184816837310791
es,rojo,sliced_wasserstein,0,1,en,pink,3.0517847537994385
es,rojo,sliced_wasserstein,0,2,en,purple,3.716402292251587
es,rojo,sliced_wasserstein,0,3,en,gray,3.9582858085632324
es,rojo,sliced_wasserstein,0,4,ru,серый,3.97756290435791
es,rojo,sliced_wasserstein,0,5,ru,синий,4.464144229888916
es,rosa,sliced_wasserstein,0,1,en,pink,3.6741087436676025
es,rosa,sliced_wasserstein,0,2,en,purple,5.1446075439453125
es,rosa,sliced_wasserstein,0,3,ru,серый,5.4450812339782715
es,rosa,sliced_wasserstein,0,4,en,gray,5.600076198577881
es,rosa,sliced_wasserstein,0,5,ru,синий,6.055338382720947
es,verde,sliced_wasserstein,0,1,ru,синий,2.4097678661346436
es,verde,sliced_wasserstein,0,2,en,pink,2.4775123596191406
es,verde,sliced_wasserstein,0,3,ru,серый,3.143220901489258
es,verde,sliced_wasserstein,0,4,en,purple,3.5329298973083496
es,verde,sliced_wasserstein,0,5,en,gray,3.613191843032837
ru,белый,sliced_wasserstein,0,1,es,verde,3.93464994430542
ru,белый,sliced_wasserstein,0,2,en,yellow,4.313566207885742
ru,белый,sliced_wasserstein,0,3,en,red,4.346767902374268
ru,белый,sliced_wasserstein,0,4,en,pink,4.607167720794678
ru,белый,sliced_wasserstein,0,5,es,amarillo,5.4203009605407715
ru,голубой,sliced_wasserstein,0,1,es,verde,5.562748908996582
ru,голубой,sliced_wasserstein,0,2,en,red,5.583474159240723
ru,голубой,sliced_wasserstein,0,3,en,yellow,5.876374244689941
ru,голубой,sliced_wasserstein,0,4,es,amarillo,6.058673858642578
ru,голубой,sliced_wasserstein,0,5,en,pink,6.17885160446167
ru,жёлтый,sliced_wasserstein,0,1,es,verde,4.142627239227295
ru,жёлтый,sliced_wasserstein,0,2,en,pink,4.545541763305664
ru,жёлтый,sliced_wasserstein,0,3,es,amarillo,4.6146240234375
ru,жёлтый,sliced_wasserstein,0,4,en,yellow,5.261257648468018
ru,жёлтый,sliced_wasserstein,0,5,en,red,5.435081958770752
ru,зелёный,sliced_wasserstein,0,1,en,red,4.328800201416016
ru,зелёный,sliced_wasserstein,0,2,es,verde,4.5823283195495605
ru,зелёный,sliced_wasserstein,0,3,en,pink,4.8487067222595215
ru,зелёный,sliced_wasserstein,0,4,en,yellow,4.908763885498047
ru,зелёный,sliced_wasserstein,0,5,en,orange,5.244636535644531
ru,коричневый,sliced_wasserstein,0,1,es,verde,5.467884063720703
ru,коричневый,sliced_wasserstein,0,2,es,amarillo,5.672227382659912
ru,коричневый,sliced_wasserstein,0,3,es,marrón,5.9423933029174805
ru,коричневый,sliced_wasserstein,0,4,en,pink,6.155424118041992
ru,коричневый,sliced_wasserstein,0,5,en,yellow,6.898656845092773
ru,красный,sliced_wasserstein,0,1,en,orange,2.641169309616089
ru,красный,sliced_wasserstein,0,2,en,green,2.658306360244751
ru,красный,sliced_wasserstein,0,3,en,blue,2.7639269828796387
ru,красный,sliced_wasserstein,0,4,en,black,3.0940053462982178
ru,красный,sliced_wasserstein,0,5,en,red,3.3665192127227783
ru,оранжевый,sliced_wasserstein,0,1,es,naranja,4.903390407562256
ru,оранжевый,sliced_wasserstein,0,2,es,morado,5.681975364685059
ru,оранжевый,sliced_wasserstein,0,3,es,amarillo,5.732518196105957
ru,оранжевый,sliced_wasserstein,0,4,es,verde,6.292053699493408
ru,оранжевый,sliced_wasserstein,0,5,en,pink,7.078581809997559
ru,розовый,sliced_wasserstein,0,1,es,verde,5.27100133895874
ru,розовый,sliced_wasserstein,0,2,es,amarillo,5.692782402038574
ru,розовый,sliced_wasserstein,0,3,en,pink,6.257329940795898
ru,розовый,sliced_wasserstein,0,4,en,yellow,6.435320854187012
ru,розовый,sliced_wasserstein,0,5,es,naranja,6.502213001251221
ru,серый,sliced_wasserstein,0,1,en,purple,2.396364212036133
ru,серый,sliced_wasserstein,0,2,en,gray,2.5082805156707764
ru,серый,sliced_wasserstein,0,3,en,yellow,2.569794178009033
ru,серый,sliced_wasserstein,0,4,en,brown,2.7740304470062256
ru,серый,sliced_wasserstein,0,5,es,verde,3.143220901489258
ru,синий,sliced_wasserstein,0,1,es,verde,2.4097678661346436
ru,синий,sliced_wasserstein,0,2,es,amarillo,3.1526803970336914
ru,синий,sliced_wasserstein,0,3,en,pink,3.4411959648132324
ru,синий,sliced_wasserstein,0,4,es,gris,4.062307834625244
ru,синий,sliced_wasserstein,0,5,es,rojo,4.464144229888916
ru,фиолетовый,sliced_wasserstein,0,1,es,marrón,9.899348258972168
ru,фиолетовый,sliced_wasserstein,0,2,es,naranja,10.052806854248047
ru,фиолетовый,sliced_wasserstein,0,3,es,morado,10.321948051452637
ru,фиолетовый,sliced_wasserstein,0,4,es,amarillo,11.587533950805664
ru,фиолетовый,sliced_wasserstein,0,5,es,azul,12.865052223205566
ru,чёрный,sliced_wasserstein,0,1,es,verde,4.511745452880859
ru,чёрный,sliced_wasserstein,0,2,en,red,4.772793292999268
ru,чёрный,sliced_wasserstein,0,3,en,yellow,4.911988258361816
ru,чёрный,sliced_wasserstein,0,4,en,pink,5.428085803985596
ru,чёрный,sliced_wasserstein,0,5,es,amarillo,6.0282464027404785
en,black,sliced_wasserstein,1,1,ru,чёрный,0.9519091248512268
en,black,sliced_wasserstein,1,2,ru,голубой,0.9644660949707031
en,black,sliced_wasserstein,1,3,ru,красный,0.9654181599617004
en,black,sliced_wasserstein,1,4,ru,белый,1.0832771062850952
en,black,sliced_wasserstein,1,5,ru,коричневый,1.0897018909454346
en,blue,sliced_wasserstein,1,1,ru,белый,0.6627557277679443
en,blue,sliced_wasserstein,1,2,ru,голубой,0.7142016887664795
en,blue,sliced_wasserstein,1,3,ru,коричневый,0.7378427386283875
en,blue,sliced_wasserstein,1,4,ru,чёрный,0.7499383687973022
en,blue,sliced_wasserstein,1,5,ru,синий,0.7547173500061035
en,brown,sliced_wasserstein,1,1,es,gris,0.605314314365387
en,brown,sliced_wasserstein,1,2,ru,серый,0.6064242124557495
en,brown,sliced_wasserstein,1,3,ru,белый,0.6479934453964233
en,brown,sliced_wasserstein,1,4,ru,коричневый,0.6961170434951782
en,brown,sliced_wasserstein,1,5,es,rosa,0.7537349462509155
en,gray,sliced_wasserstein,1,1,ru,серый,0.5766180157661438
en,gray,sliced_wasserstein,1,2,ru,белый,0.593018651008606
en,gray,sliced_wasserstein,1,3,es,gris,0.7558131217956543
en,gray,sliced_wasserstein,1,4,es,verde,0.7883872389793396
en,gray,sliced_wasserstein,1,5,ru,коричневый,0.8116219639778137
en,green,sliced_wasserstein,1,1,ru,красный,0.7386820912361145
en,green,sliced_wasserstein,1,2,ru,чёрный,0.8365672826766968
en,green,sliced_wasserstein,1,3,ru,белый,0.9093059301376343
en,green,sliced_wasserstein,1,4,ru,голубой,0.9121423363685608
en,green,sliced_wasserstein,1,5,ru,серый,0.9884084463119507
en,orange,sliced_wasserstein,1,1,es,verde,0.6769928336143494
en,orange,sliced_wasserstein,1,2,es,blanco,0.8585675358772278
en,orange,sliced_wasserstein,1,3,ru,красный,0.8902702331542969
en,orange,sliced_wasserstein,1,4,es,amarillo,0.8934743404388428
en,orange,sliced_wasserstein,1,5,es,negro,0.9116536974906921
en,pink,sliced_wasserstein,1,1,es,marrón,0.4817645251750946
en,pink,sliced_wasserstein,1,2,es,azul,0.49844038486480713
en,pink,sliced_wasserstein,1,3,ru,коричневый,0.5586550235748291
en,pink,sliced_wasserstein,1,4,es,rosa,0.5646287202835083
en,pink,sliced_wasserstein,1,5,es,gris,0.5940792560577393
en,purple,sliced_wasserstein,1,1,es,verde,0.5130897164344788
en,purple,sliced_wasserstein,1,2,ru,белый,0.6237532496452332
en,purple,sliced_wasserstein,1,3,es,gris,0.6396138668060303
en,purple,sliced_wasserstein,1,4,ru,синий,0.6883202195167542
en,purple,sliced_wasserstein,1,5,es,rojo,0.6972280144691467
en,red,sliced_wasserstein,1,1,ru,белый,0.6139413118362427
en,red,sliced_wasserstein,1,2,es,gris,0.6515238881111145
en,red,sliced_wasserstein,1,3,es,verde,0.6943321228027344
en,red,sliced_wasserstein,1,4,ru,серый,0.6980287432670593
en,red,sliced_wasserstein,1,5,ru,коричневый,0.7167778611183167
en,white,sliced_wasserstein,1,1,ru,коричневый,0.6722245812416077
en,white,sliced_wasserstein,1,2,es,amarillo,0.6935125589370728
en,white,sliced_wasserstein,1,3,es,blanco,0.7605528831481934
en,white,sliced_wasserstein,1,4,es,verde,0.7705327272415161
en,white,sliced_wasserstein,1,5,ru,белый,0.773449182510376
en,yellow,sliced_wasserstein,1,1,es,gris,0.48637276887893677
en,yellow,sliced_wasserstein,1,2,es,amarillo,0.49667030572891235
en,yellow,sliced_wasserstein,1,3,es,rojo,0.5638014674186707
en,yellow,sliced_wasserstein,1,4,ru,коричневый,0.6223459243774414
en,yellow,sliced_wasserstein,1,5,es,marrón,0.6376383304595947
es,amarillo,sliced_wasserstein,1,1,ru,коричневый,0.4838758409023285
es,amarillo,sliced_wasserstein,1,2,en,yellow,0.49667030572891235
es,amarillo,sliced_wasserstein,1,3,en,pink,0.600827693939209
es,amarillo,sliced_wasserstein,1,4,ru,розовый,0.6675994992256165
es,amarillo,sliced_wasserstein,1,5,ru,фиолетовый,0.679255485534668
es,azul,sliced_wasserstein,1,1,en,pink,0.49844038486480713
es,azul,sliced_wasserstein,1,2,en,yellow,0.6417298316955566
es,azul,sliced_wasserstein,1,3,ru,жёлтый,0.6823991537094116
es,azul,sliced_wasserstein,1,4,en,purple,0.7024936676025391
es,azul,sliced_wasserstein,1,5,ru,коричневый,0.7336480617523193
es,blanco,sliced_wasserstein,1,1,en,white,0.7605528831481934
es,blanco,sliced_wasserstein,1,2,en,red,0.8281168341636658
es,blanco,sliced_wasserstein,1,3,en,orange,0.8585675358772278
es,blanco,sliced_wasserstein,1,4,ru,серый,0.8612350821495056
es,blanco,sliced_wasserstein,1,5,en,gray,0.8779098987579346
es,gris,sliced_wasserstein,1,1,en,yellow,0.48637276887893677
es,gris,sliced_wasserstein,1,2,en,pink,0.5940792560577393
es,gris,sliced_wasserstein,1,3,en,brown,0.605314314365387
es,gris,sliced_wasserstein,1,4,ru,белый,0.6367348432540894
es,gris,sliced_wasserstein,1,5,ru,коричневый,0.638703465461731
es,marrón,sliced_wasserstein,1,1,en,pink,0.4817645251750946
es,marrón,sliced_wasserstein,1,2,ru,жёлтый,0.6131533980369568
es,marrón,sliced_wasserstein,1,3,en,yellow,0.6376383304595947
es,marrón,sliced_wasserstein,1,4,ru,фиолетовый,0.6444833278656006
es,marrón,sliced_wasserstein,1,5,ru,коричневый,0.6642966270446777
es,morado,sliced_wasserstein,1,1,ru,розовый,0.5784123539924622
es,morado,sliced_wasserstein,1,2,ru,коричневый,0.6267308592796326
es,morado,sliced_wasserstein,1,3,en,yellow,0.6659392714500427
es,morado,sliced_wasserstein,1,4,ru,фиолетовый,0.6998689770698547
es,morado,sliced_wasserstein,1,5,en,pink,0.7030205726623535
es,naranja,sliced_wasserstein,1,1,ru,розовый,0.7151839137077332
es,naranja,sliced_wasserstein,1,2,en,yellow,0.7384036779403687
es,naranja,sliced_wasserstein,1,3,ru,оранжевый,0.7471808195114136
es,naranja,sliced_wasserstein,1,4,ru,коричневый,0.748226523399353
es,naranja,sliced_wasserstein,1,5,en,pink,0.7595099210739136
es,negro,sliced_wasserstein,1,1,ru,серый,0.7549837827682495
es,negro,sliced_wasserstein,1,2,en,yellow,0.8265803456306458
es,negro,sliced_wasserstein,1,3,en,gray,0.853000283241272
es,negro,sliced_wasserstein,1,4,en,brown,0.8538380861282349
es,negro,sliced_wasserstein,1,5,ru,белый,0.8847717642784119
es,rojo,sliced_wasserstein,1,1,en,yellow,0.5638014674186707
es,rojo,sliced_wasserstein,1,2,en,purple,0.6972280144691467
es,rojo,sliced_wasserstein,1,3,en,pink,0.7161292433738708
es,rojo,sliced_wasserstein,1,4,en,brown,0.8047921657562256
es,rojo,sliced_wasserstein,1,5,ru,коричневый,0.8250585198402405
es,rosa,sliced_wasserstein,1,1,en,pink,0.5646287202835083
es,rosa,sliced_wasserstein,1,2,en,purple,0.6982229351997375
es,rosa,sliced_wasserstein,1,3,en,yellow,0.7157918810844421
es,rosa,sliced_wasserstein,1,4,ru,коричневый,0.7403886318206787
es,rosa,sliced_wasserstein,1,5,en,brown,0.7537349462509155
es,verde,sliced_wasserstein,1,1,en,purple,0.5130897164344788
es,verde,sliced_wasserstein,1,2,en,orange,0.6769928336143494
es,verde,sliced_wasserstein,1,3,en,red,0.6943321228027344
es,verde,sliced_wasserstein,1,4,ru,белый,0.695703387260437
es,verde,sliced_wasserstein,1,5,en,yellow,0.7043971419334412
ru,белый,sliced_wasserstein,1,1,en,gray,0.593018651008606
ru,белый,sliced_wasserstein,1,2,en,red,0.6139413118362427
ru,белый,sliced_wasserstein,1,3,en,purple,0.6237532496452332
ru,белый,sliced_wasserstein,1,4,es,gris,0.6367348432540894
ru,белый,sliced_wasserstein,1,5,en,brown,0.6479934453964233
ru,голубой,sliced_wasserstein,1,1,en,blue,0.7142016887664795
ru,голубой,sliced_wasserstein,1,2,en,pink,0.7903203964233398
ru,голубой,sliced_wasserstein,1,3,es,amarillo,0.8548358082771301
ru,голубой,sliced_wasserstein,1,4,es,marrón,0.8596709966659546
ru,голубой,sliced_wasserstein,1,5,en,white,0.869714617729187
ru,жёлтый,sliced_wasserstein,1,1,es,marrón,0.6131533980369568
ru,жёлтый,sliced_wasserstein,1,2,es,azul,0.6823991537094116
ru,жёлтый,sliced_wasserstein,1,3,en,pink,0.6939994096755981
ru,жёлтый,sliced_wasserstein,1,4,en,purple,0.7702019214630127
ru,жёлтый,sliced_wasserstein,1,5,es,rosa,0.8049879670143127
ru,зелёный,sliced_wasserstein,1,1,es,marrón,0.7107627391815186
ru,зелёный,sliced_wasserstein,1,2,es,verde,0.7504359483718872
ru,зелёный,sliced_wasserstein,1,3,en,purple,0.7540954351425171
ru,зелёный,sliced_wasserstein,1,4,es,morado,0.8171178102493286
ru,зелёный,sliced_wasserstein,1,5,es,amarillo,0.8888682723045349
ru,коричневый,sliced_wasserstein,1,1,es,amarillo,0.4838758409023285
ru,коричневый,sliced_wasserstein,1,2,en,pink,0.5586550235748291
ru,коричневый,sliced_wasserstein,1,3,en,yellow,0.6223459243774414
ru,коричневый,sliced_wasserstein,1,4,es,morado,0.6267308592796326
ru,коричневый,sliced_wasserstein,1,5,es,gris,0.638703465461731
ru,красный,sliced_wasserstein,1,1,en,green,0.7386820912361145
ru,красный,sliced_wasserstein,1,2,en,blue,0.7560455799102783
ru,красный,sliced_wasserstein,1,3,es,verde,0.7947313189506531
ru,красный,sliced_wasserstein,1,4,en,white,0.8074883222579956
ru,красный,sliced_wasserstein,1,5,en,red,0.8441555500030518
ru,оранжевый,sliced_wasserstein,1,1,es,morado,0.7399770021438599
ru,оранжевый,sliced_wasserstein,1,2,es,naranja,0.7471808195114136
ru,оранжевый,sliced_wasserstein,1,3,es,amarillo,0.7665640711784363
ru,оранжевый,sliced_wasserstein,1,4,en,pink,0.8056192994117737
ru,оранжевый,sliced_wasserstein,1,5,es,marrón,0.8124041557312012
ru,розовый,sliced_wasserstein,1,1,es,morado,0.5784123539924622
ru,розовый,sliced_wasserstein,1,2,es,amarillo,0.6675994992256165
ru,розовый,sliced_wasserstein,1,3,es,naranja,0.7151839137077332
ru,розовый,sliced_wasserstein,1,4,es,marrón,0.7764917612075806
ru,розовый,sliced_wasserstein,1,5,en,yellow,0.8077801465988159
ru,серый,sliced_wasserstein,1,1,en,gray,0.5766180157661438
ru,серый,sliced_wasserstein,1,2,en,brown,0.6064242124557495
ru,серый,sliced_wasserstein,1,3,es,gris,0.6419655084609985
ru,серый,sliced_wasserstein,1,4,en,red,0.6980287432670593
ru,серый,sliced_wasserstein,1,5,es,negro,0.7549837827682495
ru,синий,sliced_wasserstein,1,1,es,amarillo,0.6870996952056885
ru,синий,sliced_wasserstein,1,2,en,purple,0.6883202195167542
ru,синий,sliced_wasserstein,1,3,en,pink,0.6919846534729004
ru,синий,sliced_wasserstein,1,4,es,marrón,0.6967336535453796
ru,синий,sliced_wasserstein,1,5,es,verde,0.7399476170539856
ru,фиолетовый,sliced_wasserstein,1,1,en,pink,0.6283026933670044
ru,фиолетовый,sliced_wasserstein,1,2,es,marrón,0.6444833278656006
ru,фиолетовый,sliced_wasserstein,1,3,es,amarillo,0.679255485534668
ru,фиолетовый,sliced_wasserstein,1,4,es,morado,0.6998689770698547
ru,фиолетовый,sliced_wasserstein,1,5,en,yellow,0.7475167512893677
ru,чёрный,sliced_wasserstein,1,1,en,blue,0.7499383687973022
ru,чёрный,sliced_wasserstein,1,2,es,amarillo,0.804554283618927
ru,чёрный,sliced_wasserstein,1,3,es,verde,0.805371105670929
ru,чёрный,sliced_wasserstein,1,4,en,white,0.8226079940795898
ru,чёрный,sliced_wasserstein,1,5,en,green,0.8365672826766968
en,black,persistence_image,0,1,ru,красный,0.28987646102905273
en,black,persistence_image,0,2,ru,зелёный,0.6375995874404907
en,black,persistence_image,0,3,ru,серый,0.7180175185203552
en,black,persistence_image,0,4,ru,чёрный,0.7824991345405579
en,black,persistence_image,0,5,ru,голубой,0.8301777243614197
en,blue,persistence_image,0,1,ru,красный,0.10538406670093536
en,blue,persistence_image,0,2,ru,зелёный,0.45725491642951965
en,blue,persistence_image,0,3,ru,серый,0.5276073217391968
en,blue,persistence_image,0,4,ru,чёрный,0.611457109451294
en,blue,persistence_image,0,5,es,blanco,0.6363463401794434
en,brown,persistence_image,0,1,ru,серый,0.12519799172878265
en,brown,persistence_image,0,2,ru,зелёный,0.14438943564891815
en,brown,persistence_image,0,3,es,blanco,0.22664442658424377
en,brown,persistence_image,0,4,ru,чёрный,0.290737122297287
en,brown,persistence_image,0,5,es,negro,0.29814356565475464
en,gray,persistence_image,0,1,ru,серый,0.034825898706912994
en,gray,persistence_image,0,2,es,blanco,0.12811346352100372
en,gray,persistence_image,0,3,ru,зелёный,0.15208272635936737
en,gray,persistence_image,0,4,es,negro,0.19550229609012604
en,gray,persistence_image,0,5,ru,чёрный,0.23297634720802307
en,green,persistence_image,0,1,ru,красный,0.10870810598134995
en,green,persistence_image,0,2,ru,зелёный,0.46071189641952515
en,green,persistence_image,0,3,ru,серый,0.5285892486572266
en,green,persistence_image,0,4,ru,чёрный,0.6161741614341736
en,green,persistence_image,0,5,es,blanco,0.6350376605987549
en,orange,persistence_image,0,1,ru,красный,0.05813859403133392
en,orange,persistence_image,0,2,ru,зелёный,0.36368492245674133
en,orange,persistence_image,0,3,ru,серый,0.4234827160835266
en,orange,persistence_image,0,4,ru,чёрный,0.5238588452339172
en,orange,persistence_image,0,5,es,blanco,0.5280181169509888
en,pink,persistence_image,0,1,es,verde,0.01436750590801239
en,pink,persistence_image,0,2,ru,синий,0.09287470579147339
en,pink,persistence_image,0,3,es,rojo,0.12751121819019318
en,pink,persistence_image,0,4,ru,жёлтый,0.14496786892414093
en,pink,persistence_image,0,5,ru,розовый,0.16291435062885284
en,purple,persistence_image,0,1,ru,серый,0.04368972033262253
en,purple,persistence_image,0,2,ru,зелёный,0.14291620254516602
en,purple,persistence_image,0,3,es,blanco,0.1463669240474701
en,purple,persistence_image,0,4,es,negro,0.2150336354970932
en,purple,persistence_image,0,5,ru,чёрный,0.2396225780248642
en,red,persistence_image,0,1,ru,зелёный,0.15774686634540558
en,red,persistence_image,0,2,ru,красный,0.19897232949733734
en,red,persistence_image,0,3,ru,серый,0.24731707572937012
en,red,persistence_image,0,4,ru,чёрный,0.3126193583011627
en,red,persistence_image,0,5,ru,голубой,0.3671843111515045
en,white,persistence_image,0,1,ru,красный,0.22010037302970886
en,white,persistence_image,0,2,ru,зелёный,0.5720956325531006
en,white,persistence_image,0,3,ru,серый,0.6472284197807312
en,white,persistence_image,0,4,ru,чёрный,0.7217162847518921
en,white,persistence_image,0,5,es,blanco,0.7567357420921326
en,yellow,persistence_image,0,1,ru,зелёный,0.042060449719429016
en,yellow,persistence_image,0,2,ru,серый,0.08598821610212326
en,yellow,persistence_image,0,3,ru,чёрный,0.1785821169614792
en,yellow,persistence_image,0,4,es,blanco,0.23593242466449738
en,yellow,persistence_image,0,5,ru,голубой,0.2391197681427002
es,amarillo,persistence_image,0,1,ru,оранжевый,0.21034878492355347
es,amarillo,persistence_image,0,2,ru,синий,0.3040313720703125
es,amarillo,persistence_image,0,3,ru,коричневый,0.315477192401886
es,amarillo,persistence_image,0,4,ru,розовый,0.3865506052970886
es,amarillo,persistence_image,0,5,en,pink,0.3891811668872833
es,azul,persistence_image,0,1,ru,синий,0.2851468622684479
es,azul,persistence_image,0,2,ru,оранжевый,0.3410123288631439
es,azul,persistence_image,0,3,en,pink,0.3496684432029724
es,azul,persistence_image,0,4,ru,розовый,0.4028940796852112
es,azul,persistence_image,0,5,ru,жёлтый,0.4249996244907379
es,blanco,persistence_image,0,1,en,gray,0.12811346352100372
es,blanco,persistence_image,0,2,en,purple,0.1463669240474701
es,blanco,persistence_image,0,3,ru,серый,0.1505497246980667
es,blanco,persistence_image,0,4,en,brown,0.22664442658424377
es,blanco,persistence_image,0,5,en,yellow,0.23593242466449738
es,gris,persistence_image,0,1,ru,синий,0.17983148992061615
es,gris,persistence_image,0,2,en,pink,0.22822411358356476
es,gris,persistence_image,0,3,ru,розовый,0.3128373920917511
es,gris,persistence_image,0,4,ru,жёлтый,0.32557740807533264
es,gris,persistence_image,0,5,ru,оранжевый,0.3934192955493927
es,marrón,persistence_image,0,1,ru,оранжевый,0.40415114164352417
es,marrón,persistence_image,0,2,ru,коричневый,0.43606695532798767
es,marrón,persistence_image,0,3,ru,синий,0.7504341006278992
es,marrón,persistence_image,0,4,ru,розовый,0.7980005145072937
es,marrón,persistence_image,0,5,ru,жёлтый,0.8384633660316467
es,morado,persistence_image,0,1,ru,оранжевый,0.39377561211586
es,morado,persistence_image,0,2,ru,коричневый,0.4588909149169922
es,morado,persistence_image,0,3,ru,синий,0.6935507655143738
es,morado,persistence_image,0,4,ru,розовый,0.7591540813446045
es,morado,persistence_image,0,5,en,pink,0.7791708111763
es,naranja,persistence_image,0,1,ru,оранжевый,0.3138963580131531
es,naranja,persistence_image,0,2,ru,коричневый,0.3883945047855377
es,naranja,persistence_image,0,3,ru,синий,0.6074180603027344
es,naranja,persistence_image,0,4,ru,розовый,0.6722070574760437
es,naranja,persistence_image,0,5,en,pink,0.693759024143219
es,negro,persistence_image,0,1,en,gray,0.19550229609012604
es,negro,persistence_image,0,2,ru,серый,0.21297121047973633
es,negro,persistence_image,0,3,en,purple,0.2150336354970932
es,negro,persistence_image,0,4,en,pink,0.220929354429245
es,negro,persistence_image,0,5,en,brown,0.29814356565475464
es,rojo,persistence_image,0,1,en,pink,0.12751121819019318
es,rojo,persistence_image,0,2,ru,синий,0.16140715777873993
es,rojo,persistence_image,0,3,ru,жёлтый,0.2688453197479248
es,rojo,persistence_image,0,4,ru,розовый,0.2796403467655182
es,rojo,persistence_image,0,5,ru,белый,0.31300443410873413
es,rosa,persistence_image,0,1,ru,синий,0.2131299525499344
es,rosa,persistence_image,0,2,en,pink,0.25620266795158386
es,rosa,persistence_image,0,3,ru,розовый,0.3466242849826813
es,rosa,persistence_image,0,4,ru,жёлтый,0.35862845182418823
es,rosa,persistence_image,0,5,ru,оранжевый,0.4094279706478119
es,verde,persistence_image,0,1,en,pink,0.01436750590801239
es,verde,persistence_image,0,2,ru,синий,0.09240406006574631
es,verde,persistence_image,0,3,ru,жёлтый,0.14629308879375458
es,verde,persistence_image,0,4,ru,розовый,0.16386570036411285
es,verde,persistence_image,0,5,ru,белый,0.18961675465106964
ru,белый,persistence_image,0,1,en,pink,0.18783649802207947
ru,белый,persistence_image,0,2,es,verde,0.18961675465106964
ru,белый,persistence_image,0,3,en,yellow,0.2592805325984955
ru,белый,persistence_image,0,4,en,gray,0.28636401891708374
ru,белый,persistence_image,0,5,en,purple,0.29809340834617615
ru,голубой,persistence_image,0,1,en,yellow,0.2391197681427002
ru,голубой,persistence_image,0,2,en,pink,0.241937518119812
ru,голубой,persistence_image,0,3,es,verde,0.24315011501312256
ru,голубой,persistence_image,0,4,en,gray,0.28833329677581787
ru,голубой,persistence_image,0,5,en,purple,0.2965017259120941
ru,жёлтый,persistence_image,0,1,en,pink,0.14496786892414093
ru,жёлтый,persistence_image,0,2,es,verde,0.14629308879375458
ru,жёлтый,persistence_image,0,3,es,rojo,0.2688453197479248
ru,жёлтый,persistence_image,0,4,en,yellow,0.32386142015457153
ru,жёлтый,persistence_image,0,5,es,gris,0.32557740807533264
ru,зелёный,persistence_image,0,1,en,yellow,0.042060449719429016
ru,зелёный,persistence_image,0,2,en,purple,0.14291620254516602
ru,зелёный,persistence_image,0,3,en,brown,0.14438943564891815
ru,зелёный,persistence_image,0,4,en,gray,0.15208272635936737
ru,зелёный,persistence_image,0,5,en,red,0.15774686634540558
ru,коричневый,persistence_image,0,1,es,amarillo,0.315477192401886
ru,коричневый,persistence_image,0,2,es,naranja,0.3883945047855377
ru,коричневый,persistence_image,0,3,es,marrón,0.43606695532798767
ru,коричневый,persistence_image,0,4,es,azul,0.4447157382965088
ru,коричневый,persistence_image,0,5,es,morado,0.4588909149169922
ru,красный,persistence_image,0,1,en,orange,0.05813859403133392
ru,красный,persistence_image,0,2,en,blue,0.10538406670093536
ru,красный,persistence_image,0,3,en,green,0.10870810598134995
ru,красный,persistence_image,0,4,en,red,0.19897232949733734
ru,красный,persistence_image,0,5,en,white,0.22010037302970886
ru,оранжевый,persistence_image,0,1,es,amarillo,0.21034878492355347
ru,оранжевый,persistence_image,0,2,es,naranja,0.3138963580131531
ru,оранжевый,persistence_image,0,3,es,azul,0.3410123288631439
ru,оранжевый,persistence_image,0,4,es,gris,0.3934192955493927
ru,оранжевый,persistence_image,0,5,es,morado,0.39377561211586
ru,розовый,persistence_image,0,1,en,pink,0.16291435062885284
ru,розовый,persistence_image,0,2,es,verde,0.16386570036411285
ru,розовый,persistence_image,0,3,es,rojo,0.2796403467655182
ru,розовый,persistence_image,0,4,es,gris,0.3128373920917511
ru,розовый,persistence_image,0,5,es,rosa,0.3466242849826813
ru,серый,persistence_image,0,1,en,gray,0.034825898706912994
ru,серый,persistence_image,0,2,en,purple,0.04368972033262253
ru,серый,persistence_image,0,3,en,yellow,0.08598821610212326
ru,серый,persistence_image,0,4,en,brown,0.12519799172878265
ru,серый,persistence_image,0,5,es,blanco,0.1505497246980667
ru,синий,persistence_image,0,1,es,verde,0.09240406006574631
ru,синий,persistence_image,0,2,en,pink,0.09287470579147339
ru,синий,persistence_image,0,3,es,rojo,0.16140715777873993
ru,синий,persistence_image,0,4,es,gris,0.17983148992061615
ru,синий,persistence_image,0,5,es,rosa,0.2131299525499344
ru,фиолетовый,persistence_image,0,1,es,marrón,0.963093638420105
ru,фиолетовый,persistence_image,0,2,es,morado,1.072981834411621
ru,фиолетовый,persistence_image,0,3,es,naranja,1.133072853088379
ru,фиолетовый,persistence_image,0,4,es,amarillo,1.401747703552246
ru,фиолетовый,persistence_image,0,5,es,azul,1.5122191905975342
ru,чёрный,persistence_image,0,1,en,yellow,0.1785821169614792
ru,чёрный,persistence_image,0,2,en,gray,0.23297634720802307
ru,чёрный,persistence_image,0,3,en,purple,0.2396225780248642
ru,чёрный,persistence_image,0,4,en,pink,0.24496421217918396
ru,чёрный,persistence_image,0,5,es,verde,0.24551929533481598
en,black,persistence_image,1,1,es,blanco,0.028139689937233925
en,black,persistence_image,1,2,ru,красный,0.032334934920072556
en,black,persistence_image,1,3,es,negro,0.03583163022994995
en,black,persistence_image,1,4,ru,серый,0.0453411266207695
en,black,persistence_image,1,5,es,verde,0.04695376753807068
en,blue,persistence_image,1,1,ru,чёрный,0.009999225847423077
en,blue,persistence_image,1,2,ru,красный,0.010390156880021095
en,blue,persistence_image,1,3,es,verde,0.014411932788789272
en,blue,persistence_image,1,4,ru,голубой,0.018930787220597267
en,blue,persistence_image,1,5,ru,белый,0.019600246101617813
en,brown,persistence_image,1,1,ru,белый,0.006818213500082493
en,brown,persistence_image,1,2,es,verde,0.010213411413133144
en,brown,persistence_image,1,3,ru,зелёный,0.012401220388710499
en,brown,persistence_image,1,4,ru,голубой,0.015354173257946968
en,brown,persistence_image,1,5,ru,серый,0.015768669545650482
en,gray,persistence_image,1,1,es,blanco,0.005777479149401188
en,gray,persistence_image,1,2,es,negro,0.010487771593034267
en,gray,persistence_image,1,3,ru,серый,0.019583426415920258
en,gray,persistence_image,1,4,ru,красный,0.02504977397620678
en,gray,persistence_image,1,5,es,verde,0.025787677615880966
en,green,persistence_image,1,1,es,blanco,0.020138287916779518
en,green,persistence_image,1,2,ru,красный,0.02252255566418171
en,green,persistence_image,1,3,es,negro,0.029107283800840378
en,green,persistence_image,1,4,ru,серый,0.03486406430602074
en,green,persistence_image,1,5,es,verde,0.036342523992061615
en,orange,persistence_image,1,1,es,blanco,0.015414413996040821
en,orange,persistence_image,1,2,es,negro,0.01561112143099308
en,orange,persistence_image,1,3,ru,серый,0.03889498859643936
en,orange,persistence_image,1,4,ru,красный,0.039205171167850494
en,orange,persistence_image,1,5,es,verde,0.04467511177062988
en,pink,persistence_image,1,1,ru,оранжевый,0.005249422043561935
en,pink,persistence_image,1,2,ru,розовый,0.006481782998889685
en,pink,persistence_image,1,3,es,azul,0.009045811370015144
en,pink,persistence_image,1,4,ru,жёлтый,0.00989509467035532
en,pink,persistence_image,1,5,es,amarillo,0.010523173026740551
en,purple,persistence_image,1,1,ru,зелёный,0.0032810126431286335
en,purple,persistence_image,1,2,ru,белый,0.008480055257678032
en,purple,persistence_image,1,3,ru,голубой,0.010678267106413841
en,purple,persistence_image,1,4,es,rojo,0.010792404413223267
en,purple,persistence_image,1,5,es,naranja,0.015445318073034286
en,red,persistence_image,1,1,ru,голубой,0.0049195908941328526
en,red,persistence_image,1,2,ru,белый,0.006170432548969984
en,red,persistence_image,1,3,ru,чёрный,0.00820060446858406
en,red,persistence_image,1,4,ru,зелёный,0.008489498868584633
en,red,persistence_image,1,5,es,verde,0.016510413959622383
en,white,persistence_image,1,1,ru,чёрный,0.00934948306530714
en,white,persistence_image,1,2,ru,красный,0.011141435243189335
en,white,persistence_image,1,3,es,verde,0.014428936876356602
en,white,persistence_image,1,4,ru,голубой,0.018522586673498154
en,white,persistence_image,1,5,ru,белый,0.019205646589398384
en,yellow,persistence_image,1,1,es,amarillo,0.002070724731311202
en,yellow,persistence_image,1,2,ru,коричневый,0.004935945384204388
en,yellow,persistence_image,1,3,ru,розовый,0.0056322598829865456
en,yellow,persistence_image,1,4,ru,жёлтый,0.012952534481883049
en,yellow,persistence_image,1,5,ru,оранжевый,0.013011571951210499
es,amarillo,persistence_image,1,1,en,yellow,0.002070724731311202
es,amarillo,persistence_image,1,2,ru,коричневый,0.0029796708840876818
es,amarillo,persistence_image,1,3,ru,розовый,0.007486571092158556
es,amarillo,persistence_image,1,4,en,pink,0.010523173026740551
es,amarillo,persistence_image,1,5,ru,жёлтый,0.013167012482881546
es,azul,persistence_image,1,1,ru,жёлтый,0.004549724515527487
es,azul,persistence_image,1,2,ru,оранжевый,0.006143980193883181
es,azul,persistence_image,1,3,en,pink,0.009045811370015144
es,azul,persistence_image,1,4,en,yellow,0.014728933572769165
es,azul,persistence_image,1,5,ru,розовый,0.014796016737818718
es,blanco,persistence_image,1,1,en,gray,0.005777479149401188
es,blanco,persistence_image,1,2,en,orange,0.015414413996040821
es,blanco,persistence_image,1,3,en,green,0.020138287916779518
es,blanco,persistence_image,1,4,ru,серый,0.02384023182094097
es,blanco,persistence_image,1,5,ru,красный,0.026666779071092606
es,gris,persistence_image,1,1,ru,синий,0.011484959162771702
es,gris,persistence_image,1,2,ru,жёлтый,0.015458920039236546
es,gris,persistence_image,1,3,en,purple,0.015720384195446968
es,gris,persistence_image,1,4,ru,зелёный,0.01851532608270645
es,gris,persistence_image,1,5,ru,коричневый,0.019742663949728012
es,marrón,persistence_image,1,1,en,pink,0.015450246632099152
es,marrón,persistence_image,1,2,ru,розовый,0.016900449991226196
es,marrón,persistence_image,1,3,ru,оранжевый,0.016985468566417694
es,marrón,persistence_image,1,4,en,yellow,0.02169841155409813
es,marrón,persistence_image,1,5,ru,жёлтый,0.02443213388323784
es,morado,persistence_image,1,1,ru,синий,0.004698458127677441
es,morado,persistence_image,1,2,ru,коричневый,0.01387572381645441
es,morado,persistence_image,1,3,ru,жёлтый,0.014127708971500397
es,morado,persistence_image,1,4,en,yellow,0.017660124227404594
es,morado,persistence_image,1,5,en,purple,0.017913393676280975
es,naranja,persistence_image,1,1,ru,синий,0.013711057603359222
es,naranja,persistence_image,1,2,en,purple,0.015445318073034286
es,naranja,persistence_image,1,3,ru,жёлтый,0.01649557426571846
es,naranja,persistence_image,1,4,ru,зелёный,0.018219459801912308
es,naranja,persistence_image,1,5,ru,коричневый,0.02199866622686386
es,negro,persistence_image,1,1,en,gray,0.010487771593034267
es,negro,persistence_image,1,2,en,orange,0.01561112143099308
es,negro,persistence_image,1,3,ru,серый,0.026914190500974655
es,negro,persistence_image,1,4,en,green,0.029107283800840378
es,negro,persistence_image,1,5,ru,красный,0.03513374552130699
es,rojo,persistence_image,1,1,en,purple,0.010792404413223267
es,rojo,persistence_image,1,2,ru,синий,0.012423942796885967
es,rojo,persistence_image,1,3,ru,зелёный,0.01362825371325016
es,rojo,persistence_image,1,4,ru,голубой,0.019041946157813072
es,rojo,persistence_image,1,5,ru,белый,0.01918196678161621
es,rosa,persistence_image,1,1,ru,жёлтый,0.010638813488185406
es,rosa,persistence_image,1,2,ru,синий,0.014083274640142918
es,rosa,persistence_image,1,3,ru,оранжевый,0.018289880827069283
es,rosa,persistence_image,1,4,ru,коричневый,0.019001822918653488
es,rosa,persistence_image,1,5,en,pink,0.020110199227929115
es,verde,persistence_image,1,1,ru,серый,0.008193306624889374
es,verde,persistence_image,1,2,en,brown,0.010213411413133144
es,verde,persistence_image,1,3,en,blue,0.014411932788789272
es,verde,persistence_image,1,4,en,white,0.014428936876356602
es,verde,persistence_image,1,5,ru,белый,0.0151474978774786
ru,белый,persistence_image,1,1,en,red,0.006170432548969984
ru,белый,persistence_image,1,2,en,brown,0.006818213500082493
ru,белый,persistence_image,1,3,en,purple,0.008480055257678032
ru,белый,persistence_image,1,4,es,verde,0.0151474978774786
ru,белый,persistence_image,1,5,es,rojo,0.01918196678161621
ru,голубой,persistence_image,1,1,en,red,0.0049195908941328526
ru,голубой,persistence_image,1,2,en,purple,0.010678267106413841
ru,голубой,persistence_image,1,3,en,brown,0.015354173257946968
ru,голубой,persistence_image,1,4,en,white,0.018522586673498154
ru,голубой,persistence_image,1,5,en,blue,0.018930787220597267
ru,жёлтый,persistence_image,1,1,es,azul,0.004549724515527487
ru,жёлтый,persistence_image,1,2,en,pink,0.00989509467035532
ru,жёлтый,persistence_image,1,3,es,rosa,0.010638813488185406
ru,жёлтый,persistence_image,1,4,en,yellow,0.012952534481883049
ru,жёлтый,persistence_image,1,5,es,amarillo,0.013167012482881546
ru,зелёный,persistence_image,1,1,en,purple,0.0032810126431286335
ru,зелёный,persistence_image,1,2,en,red,0.008489498868584633
ru,зелёный,persistence_image,1,3,en,brown,0.012401220388710499
ru,зелёный,persistence_image,1,4,es,rojo,0.01362825371325016
ru,зелёный,persistence_image,1,5,es,naranja,0.018219459801912308
ru,коричневый,persistence_image,1,1,es,amarillo,0.0029796708840876818
ru,коричневый,persistence_image,1,2,en,yellow,0.004935945384204388
ru,коричневый,persistence_image,1,3,en,pink,0.012775932438671589
ru,коричневый,persistence_image,1,4,es,morado,0.01387572381645441
ru,коричневый,persistence_image,1,5,es,azul,0.016403505578637123
ru,красный,persistence_image,1,1,en,blue,0.010390156880021095
ru,красный,persistence_image,1,2,en,white,0.011141435243189335
ru,красный,persistence_image,1,3,es,verde,0.018423572182655334
ru,красный,persistence_image,1,4,en,green,0.02252255566418171
ru,красный,persistence_image,1,5,en,gray,0.02504977397620678
ru,оранжевый,persistence_image,1,1,en,pink,0.005249422043561935
ru,оранжевый,persistence_image,1,2,es,azul,0.006143980193883181
ru,оранжевый,persistence_image,1,3,en,yellow,0.013011571951210499
ru,оранжевый,persistence_image,1,4,es,amarillo,0.014307988807559013
ru,оранжевый,persistence_image,1,5,es,marrón,0.016985468566417694
ru,розовый,persistence_image,1,1,en,yellow,0.0056322598829865456
ru,розовый,persistence_image,1,2,en,pink,0.006481782998889685
ru,розовый,persistence_image,1,3,es,amarillo,0.007486571092158556
ru,розовый,persistence_image,1,4,es,azul,0.014796016737818718
ru,розовый,persistence_image,1,5,es,marrón,0.016900449991226196
ru,серый,persistence_image,1,1,es,verde,0.008193306624889374
ru,серый,persistence_image,1,2,en,brown,0.015768669545650482
ru,серый,persistence_image,1,3,en,gray,0.019583426415920258
ru,серый,persistence_image,1,4,en,blue,0.020955193787813187
ru,серый,persistence_image,1,5,en,white,0.021181726828217506
ru,синий,persistence_image,1,1,es,morado,0.004698458127677441
ru,синий,persistence_image,1,2,es,gris,0.011484959162771702
ru,синий,persistence_image,1,3,es,rojo,0.012423942796885967
ru,синий,persistence_image,1,4,es,amarillo,0.013623256236314774
ru,синий,persistence_image,1,5,es,naranja,0.013711057603359222
ru,фиолетовый,persistence_image,1,1,es,marrón,0.03989551588892937
ru,фиолетовый,persistence_image,1,2,en,pink,0.05445546656847
ru,фиолетовый,persistence_image,1,3,en,yellow,0.057837117463350296
ru,фиолетовый,persistence_image,1,4,es,amarillo,0.05969985947012901
ru,фиолетовый,persistence_image,1,5,es,azul,0.061662182211875916
ru,чёрный,persistence_image,1,1,en,red,0.00820060446858406
ru,чёрный,persistence_image,1,2,en,white,0.00934948306530714
ru,чёрный,persistence_image,1,3,en,blue,0.009999225847423077
ru,чёрный,persistence_image,1,4,en,brown,0.017218109220266342
ru,чёрный,persistence_image,1,5,es,verde,0.01767849363386631
en,black,bars_statistics,0,1,ru,красный,0.07832255959510803
en,black,bars_statistics,0,2,ru,серый,0.1385488510131836
en,black,bars_statistics,0,3,ru,зелёный,0.15783582627773285
en,black,bars_statistics,0,4,ru,чёрный,0.1679920107126236
en,black,bars_statistics,0,5,ru,белый,0.17250506579875946
en,blue,bars_statistics,0,1,ru,красный,0.051530081778764725
en,blue,bars_statistics,0,2,ru,серый,0.09354332834482193
en,blue,bars_statistics,0,3,ru,зелёный,0.12574869394302368
en,blue,bars_statistics,0,4,es,blanco,0.14458580315113068
en,blue,bars_statistics,0,5,es,verde,0.14785929024219513
en,brown,bars_statistics,0,1,ru,серый,0.11235692352056503
en,brown,bars_statistics,0,2,es,verde,0.12286382168531418
en,brown,bars_statistics,0,3,ru,красный,0.14498645067214966
en,brown,bars_statistics,0,4,es,gris,0.15486560761928558
en,brown,bars_statistics,0,5,es,amarillo,0.1586422473192215
en,gray,bars_statistics,0,1,ru,серый,0.053490281105041504
en,gray,bars_statistics,0,2,es,blanco,0.06235519424080849
en,gray,bars_statistics,0,3,es,verde,0.08561759442090988
en,gray,bars_statistics,0,4,es,gris,0.08953603357076645
en,gray,bars_statistics,0,5,es,rojo,0.09405382722616196
en,green,bars_statistics,0,1,ru,красный,0.05986539274454117
en,green,bars_statistics,0,2,ru,серый,0.09957867115736008
en,green,bars_statistics,0,3,ru,зелёный,0.13840344548225403
en,green,bars_statistics,0,4,es,verde,0.14837515354156494
en,green,bars_statistics,0,5,ru,чёрный,0.16705073416233063
en,orange,bars_statistics,0,1,ru,красный,0.051277533173561096
en,orange,bars_statistics,0,2,ru,серый,0.07762652635574341
en,orange,bars_statistics,0,3,es,blanco,0.11544927209615707
en,orange,bars_statistics,0,4,ru,зелёный,0.11804625391960144
en,orange,bars_statistics,0,5,es,verde,0.13358934223651886
en,pink,bars_statistics,0,1,es,verde,0.09386680275201797
en,pink,bars_statistics,0,2,es,amarillo,0.09875408560037613
en,pink,bars_statistics,0,3,ru,серый,0.11689954996109009
en,pink,bars_statistics,0,4,es,gris,0.12436041235923767
en,pink,bars_statistics,0,5,ru,белый,0.14011432230472565
en,purple,bars_statistics,0,1,es,blanco,0.06386128067970276
en,purple,bars_statistics,0,2,es,negro,0.08567463606595993
en,purple,bars_statistics,0,3,es,rojo,0.09044450521469116
en,purple,bars_statistics,0,4,ru,серый,0.09831489622592926
en,purple,bars_statistics,0,5,ru,синий,0.1086985394358635
en,red,bars_statistics,0,1,ru,красный,0.059120532125234604
en,red,bars_statistics,0,2,ru,серый,0.06572356820106506
en,red,bars_statistics,0,3,ru,зелёный,0.09336832910776138
en,red,bars_statistics,0,4,ru,белый,0.09340254217386246
en,red,bars_statistics,0,5,es,verde,0.09559924900531769
en,white,bars_statistics,0,1,ru,красный,0.08833714574575424
en,white,bars_statistics,0,2,ru,серый,0.12047672271728516
en,white,bars_statistics,0,3,es,verde,0.15922757983207703
en,white,bars_statistics,0,4,ru,зелёный,0.16955116391181946
en,white,bars_statistics,0,5,ru,белый,0.17414309084415436
en,yellow,bars_statistics,0,1,es,verde,0.0989375114440918
en,yellow,bars_statistics,0,2,ru,серый,0.11027976870536804
en,yellow,bars_statistics,0,3,ru,белый,0.13245408236980438
en,yellow,bars_statistics,0,4,es,amarillo,0.1343388557434082
en,yellow,bars_statistics,0,5,ru,красный,0.15235871076583862
es,amarillo,bars_statistics,0,1,en,pink,0.09875408560037613
es,amarillo,bars_statistics,0,2,ru,оранжевый,0.12213793396949768
es,amarillo,bars_statistics,0,3,ru,розовый,0.13384796679019928
es,amarillo,bars_statistics,0,4,en,yellow,0.1343388557434082
es,amarillo,bars_statistics,0,5,ru,белый,0.1377418488264084
es,azul,bars_statistics,0,1,en,gray,0.1135503426194191
es,azul,bars_statistics,0,2,ru,серый,0.13827382028102875
es,azul,bars_statistics,0,3,ru,синий,0.144120454788208
es,azul,bars_statistics,0,4,en,purple,0.14910034835338593
es,azul,bars_statistics,0,5,en,pink,0.15497256815433502
es,blanco,bars_statistics,0,1,en,gray,0.06235519424080849
es,blanco,bars_statistics,0,2,en,purple,0.06386128067970276
es,blanco,bars_statistics,0,3,ru,серый,0.10614563524723053
es,blanco,bars_statistics,0,4,en,orange,0.11544927209615707
es,blanco,bars_statistics,0,5,ru,синий,0.13526001572608948
es,gris,bars_statistics,0,1,en,gray,0.08953603357076645
es,gris,bars_statistics,0,2,ru,серый,0.09301811456680298
es,gris,bars_statistics,0,3,ru,синий,0.1104331761598587
es,gris,bars_statistics,0,4,en,pink,0.12436041235923767
es,gris,bars_statistics,0,5,en,purple,0.13069181144237518
es,marrón,bars_statistics,0,1,ru,коричневый,0.17965306341648102
es,marrón,bars_statistics,0,2,ru,синий,0.2312249094247818
es,marrón,bars_statistics,0,3,en,gray,0.23559008538722992
es,marrón,bars_statistics,0,4,en,pink,0.2356242835521698
es,marrón,bars_statistics,0,5,ru,серый,0.23591269552707672
es,morado,bars_statistics,0,1,ru,оранжевый,0.16069860756397247
es,morado,bars_statistics,0,2,ru,синий,0.16621342301368713
es,morado,bars_statistics,0,3,en,pink,0.16828075051307678
es,morado,bars_statistics,0,4,ru,розовый,0.18180273473262787
es,morado,bars_statistics,0,5,ru,жёлтый,0.19031761586666107
es,naranja,bars_statistics,0,1,ru,синий,0.1406339854001999
es,naranja,bars_statistics,0,2,ru,оранжевый,0.16282260417938232
es,naranja,bars_statistics,0,3,en,pink,0.16769146919250488
es,naranja,bars_statistics,0,4,ru,розовый,0.17285670340061188
es,naranja,bars_statistics,0,5,ru,белый,0.17430943250656128
es,negro,bars_statistics,0,1,en,purple,0.08567463606595993
es,negro,bars_statistics,0,2,en,gray,0.0975375771522522
es,negro,bars_statistics,0,3,ru,серый,0.1393701136112213
es,negro,bars_statistics,0,4,ru,синий,0.14855408668518066
es,negro,bars_statistics,0,5,en,orange,0.14966925978660583
es,rojo,bars_statistics,0,1,en,purple,0.09044450521469116
es,rojo,bars_statistics,0,2,en,gray,0.09405382722616196
es,rojo,bars_statistics,0,3,ru,синий,0.09858116507530212
es,rojo,bars_statistics,0,4,ru,серый,0.11643216758966446
es,rojo,bars_statistics,0,5,ru,зелёный,0.14344529807567596
es,rosa,bars_statistics,0,1,en,gray,0.10585270822048187
es,rosa,bars_statistics,0,2,ru,серый,0.1323847621679306
es,rosa,bars_statistics,0,3,en,purple,0.14790183305740356
es,rosa,bars_statistics,0,4,en,pink,0.14793680608272552
es,rosa,bars_statistics,0,5,ru,синий,0.15623590350151062
es,verde,bars_statistics,0,1,ru,серый,0.060214485973119736
es,verde,bars_statistics,0,2,en,gray,0.08561759442090988
es,verde,bars_statistics,0,3,ru,белый,0.09259071201086044
es,verde,bars_statistics,0,4,en,pink,0.09386680275201797
es,verde,bars_statistics,0,5,en,red,0.09559924900531769
ru,белый,bars_statistics,0,1,es,verde,0.09259071201086044
ru,белый,bars_statistics,0,2,en,red,0.09340254217386246
ru,белый,bars_statistics,0,3,en,yellow,0.13245408236980438
ru,белый,bars_statistics,0,4,es,amarillo,0.1377418488264084
ru,белый,bars_statistics,0,5,en,pink,0.14011432230472565
ru,голубой,bars_statistics,0,1,en,red,0.13056837022304535
ru,голубой,bars_statistics,0,2,es,verde,0.1426965743303299
ru,голубой,bars_statistics,0,3,es,amarillo,0.17762741446495056
ru,голубой,bars_statistics,0,4,en,orange,0.18381616473197937
ru,голубой,bars_statistics,0,5,en,blue,0.18411915004253387
ru,жёлтый,bars_statistics,0,1,es,verde,0.1055840402841568
ru,жёлтый,bars_statistics,0,2,en,red,0.10856711864471436
ru,жёлтый,bars_statistics,0,3,es,amarillo,0.14721442759037018
ru,жёлтый,bars_statistics,0,4,es,gris,0.15242530405521393
ru,жёлтый,bars_statistics,0,5,en,gray,0.16001711785793304
ru,зелёный,bars_statistics,0,1,en,red,0.09336832910776138
ru,зелёный,bars_statistics,0,2,en,orange,0.11804625391960144
ru,зелёный,bars_statistics,0,3,es,verde,0.1183968186378479
ru,зелёный,bars_statistics,0,4,en,blue,0.12574869394302368
ru,зелёный,bars_statistics,0,5,en,purple,0.1310669332742691
ru,коричневый,bars_statistics,0,1,es,marrón,0.17965306341648102
ru,коричневый,bars_statistics,0,2,es,amarillo,0.2333623468875885
ru,коричневый,bars_statistics,0,3,en,red,0.2381369173526764
ru,коричневый,bars_statistics,0,4,es,verde,0.24221543967723846
ru,коричневый,bars_statistics,0,5,en,yellow,0.24468451738357544
ru,красный,bars_statistics,0,1,en,orange,0.051277533173561096
ru,красный,bars_statistics,0,2,en,blue,0.051530081778764725
ru,красный,bars_statistics,0,3,en,red,0.059120532125234604
ru,красный,bars_statistics,0,4,en,green,0.05986539274454117
ru,красный,bars_statistics,0,5,en,black,0.07832255959510803
ru,оранжевый,bars_statistics,0,1,es,amarillo,0.12213793396949768
ru,оранжевый,bars_statistics,0,2,es,morado,0.16069860756397247
ru,оранжевый,bars_statistics,0,3,es,naranja,0.16282260417938232
ru,оранжевый,bars_statistics,0,4,es,verde,0.17636266350746155
ru,оранжевый,bars_statistics,0,5,en,pink,0.17806309461593628
ru,розовый,bars_statistics,0,1,es,verde,0.12336916476488113
ru,розовый,bars_statistics,0,2,es,amarillo,0.13384796679019928
ru,розовый,bars_statistics,0,3,en,red,0.1378219872713089
ru,розовый,bars_statistics,0,4,en,pink,0.16064675152301788
ru,розовый,bars_statistics,0,5,en,yellow,0.1647554636001587
ru,серый,bars_statistics,0,1,en,gray,0.053490281105041504
ru,серый,bars_statistics,0,2,es,verde,0.060214485973119736
ru,серый,bars_statistics,0,3,en,red,0.06572356820106506
ru,серый,bars_statistics,0,4,en,orange,0.07762652635574341
ru,серый,bars_statistics,0,5,es,gris,0.09301811456680298
ru,синий,bars_statistics,0,1,es,rojo,0.09858116507530212
ru,синий,bars_statistics,0,2,en,purple,0.1086985394358635
ru,синий,bars_statistics,0,3,es,gris,0.1104331761598587
ru,синий,bars_statistics,0,4,es,verde,0.11139937490224838
ru,синий,bars_statistics,0,5,en,gray,0.11994052678346634
ru,фиолетовый,bars_statistics,0,1,es,marrón,0.5374487638473511
ru,фиолетовый,bars_statistics,0,2,es,amarillo,0.6827089786529541
ru,фиолетовый,bars_statistics,0,3,es,naranja,0.6922942399978638
ru,фиолетовый,bars_statistics,0,4,es,morado,0.7003992199897766
ru,фиолетовый,bars_statistics,0,5,es,verde,0.7055041193962097
ru,чёрный,bars_statistics,0,1,en,red,0.10415808111429214
ru,чёрный,bars_statistics,0,2,es,verde,0.11814466863870621
ru,чёрный,bars_statistics,0,3,en,yellow,0.157727912068367
ru,чёрный,bars_statistics,0,4,es,amarillo,0.15959841012954712
ru,чёрный,bars_statistics,0,5,en,blue,0.16631010174751282
en,black,bars_statistics,1,1,ru,красный,0.26965272426605225
en,black,bars_statistics,1,2,ru,чёрный,0.2932250499725342
en,black,bars_statistics,1,3,ru,зелёный,0.34639590978622437
en,black,bars_statistics,1,4,es,verde,0.37231072783470154
en,black,bars_statistics,1,5,ru,белый,0.3725340962409973
en,blue,bars_statistics,1,1,es,verde,0.22781850397586823
en,blue,bars_statistics,1,2,ru,зелёный,0.268266886472702
en,blue,bars_statistics,1,3,ru,чёрный,0.3250148594379425
en,blue,bars_statistics,1,4,es,blanco,0.35994815826416016
en,blue,bars_statistics,1,5,ru,красный,0.374075323343277
en,brown,bars_statistics,1,1,ru,белый,0.2177484929561615
en,brown,bars_statistics,1,2,ru,серый,0.23782014846801758
en,brown,bars_statistics,1,3,ru,синий,0.29337021708488464
en,brown,bars_statistics,1,4,es,rojo,0.3246903717517853
en,brown,bars_statistics,1,5,es,morado,0.3345111906528473
en,gray,bars_statistics,1,1,ru,белый,0.1748734712600708
en,gray,bars_statistics,1,2,es,verde,0.2697480320930481
en,gray,bars_statistics,1,3,ru,серый,0.2719317078590393
en,gray,bars_statistics,1,4,ru,зелёный,0.28335338830947876
en,gray,bars_statistics,1,5,ru,чёрный,0.28905606269836426
en,green,bars_statistics,1,1,ru,красный,0.3711538314819336
en,green,bars_statistics,1,2,es,verde,0.4008878469467163
en,green,bars_statistics,1,3,es,negro,0.41600334644317627
en,green,bars_statistics,1,4,es,blanco,0.44074252247810364
en,green,bars_statistics,1,5,ru,зелёный,0.44415417313575745
en,orange,bars_statistics,1,1,es,verde,0.21732796728610992
en,orange,bars_statistics,1,2,ru,зелёный,0.21888278424739838
en,orange,bars_statistics,1,3,es,blanco,0.29768767952919006
en,orange,bars_statistics,1,4,es,negro,0.30229294300079346
en,orange,bars_statistics,1,5,ru,серый,0.36478960514068604
en,pink,bars_statistics,1,1,es,azul,0.16083861887454987
en,pink,bars_statistics,1,2,es,gris,0.22398725152015686
en,pink,bars_statistics,1,3,es,rosa,0.2345692217350006
en,pink,bars_statistics,1,4,es,naranja,0.31402498483657837
en,pink,bars_statistics,1,5,ru,жёлтый,0.3300272524356842
en,purple,bars_statistics,1,1,es,verde,0.22004269063472748
en,purple,bars_statistics,1,2,es,blanco,0.22705106437206268
en,purple,bars_statistics,1,3,es,rojo,0.23287837207317352
en,purple,bars_statistics,1,4,ru,серый,0.25859084725379944
en,purple,bars_statistics,1,5,ru,зелёный,0.26408886909484863
en,red,bars_statistics,1,1,ru,белый,0.1571069359779358
en,red,bars_statistics,1,2,ru,чёрный,0.2433837354183197
en,red,bars_statistics,1,3,es,verde,0.26818376779556274
en,red,bars_statistics,1,4,ru,зелёный,0.2773059010505676
en,red,bars_statistics,1,5,ru,голубой,0.32576093077659607
en,white,bars_statistics,1,1,es,verde,0.2761680781841278
en,white,bars_statistics,1,2,ru,красный,0.29163244366645813
en,white,bars_statistics,1,3,es,blanco,0.2975720763206482
en,white,bars_statistics,1,4,ru,чёрный,0.32842639088630676
en,white,bars_statistics,1,5,ru,зелёный,0.35412460565567017
en,yellow,bars_statistics,1,1,es,amarillo,0.1953531801700592
en,yellow,bars_statistics,1,2,ru,коричневый,0.36790916323661804
en,yellow,bars_statistics,1,3,es,gris,0.47450003027915955
en,yellow,bars_statistics,1,4,ru,синий,0.49600639939308167
en,yellow,bars_statistics,1,5,es,marrón,0.5058697462081909
es,amarillo,bars_statistics,1,1,en,yellow,0.1953531801700592
es,amarillo,bars_statistics,1,2,ru,коричневый,0.2565280497074127
es,amarillo,bars_statistics,1,3,ru,синий,0.4662131071090698
es,amarillo,bars_statistics,1,4,en,pink,0.4982312321662903
es,amarillo,bars_statistics,1,5,en,brown,0.5600293874740601
es,azul,bars_statistics,1,1,en,pink,0.16083861887454987
es,azul,bars_statistics,1,2,ru,жёлтый,0.37745365500450134
es,azul,bars_statistics,1,3,en,brown,0.38993239402770996
es,azul,bars_statistics,1,4,ru,оранжевый,0.43933114409446716
es,azul,bars_statistics,1,5,ru,серый,0.44953206181526184
es,blanco,bars_statistics,1,1,ru,серый,0.20712780952453613
es,blanco,bars_statistics,1,2,en,purple,0.22705106437206268
es,blanco,bars_statistics,1,3,en,white,0.2975720763206482
es,blanco,bars_statistics,1,4,en,orange,0.29768767952919006
es,blanco,bars_statistics,1,5,en,gray,0.30210864543914795
es,gris,bars_statistics,1,1,en,pink,0.22398725152015686
es,gris,bars_statistics,1,2,en,brown,0.34958162903785706
es,gris,bars_statistics,1,3,ru,синий,0.39251580834388733
es,gris,bars_statistics,1,4,ru,жёлтый,0.40110111236572266
es,gris,bars_statistics,1,5,ru,серый,0.40958043932914734
es,marrón,bars_statistics,1,1,en,pink,0.41527143120765686
es,marrón,bars_statistics,1,2,ru,коричневый,0.4887392818927765
es,marrón,bars_statistics,1,3,en,yellow,0.5058697462081909
es,marrón,bars_statistics,1,4,ru,синий,0.5648711323738098
es,marrón,bars_statistics,1,5,en,brown,0.594903290271759
es,morado,bars_statistics,1,1,ru,синий,0.19397442042827606
es,morado,bars_statistics,1,2,ru,жёлтый,0.3043444752693176
es,morado,bars_statistics,1,3,ru,розовый,0.32752612233161926
es,morado,bars_statistics,1,4,en,brown,0.3345111906528473
es,morado,bars_statistics,1,5,ru,голубой,0.3346293866634369
es,naranja,bars_statistics,1,1,ru,жёлтый,0.27621468901634216
es,naranja,bars_statistics,1,2,ru,оранжевый,0.2765042781829834
es,naranja,bars_statistics,1,3,en,pink,0.31402498483657837
es,naranja,bars_statistics,1,4,ru,розовый,0.4713832139968872
es,naranja,bars_statistics,1,5,ru,синий,0.4923708736896515
es,negro,bars_statistics,1,1,en,purple,0.27169692516326904
es,negro,bars_statistics,1,2,en,orange,0.30229294300079346
es,negro,bars_statistics,1,3,en,blue,0.41201865673065186
es,negro,bars_statistics,1,4,en,green,0.41600334644317627
es,negro,bars_statistics,1,5,en,white,0.42180514335632324
es,rojo,bars_statistics,1,1,ru,серый,0.20942182838916779
es,rojo,bars_statistics,1,2,en,purple,0.23287837207317352
es,rojo,bars_statistics,1,3,en,gray,0.3230113089084625
es,rojo,bars_statistics,1,4,ru,зелёный,0.3231384754180908
es,rojo,bars_statistics,1,5,en,brown,0.3246903717517853
es,rosa,bars_statistics,1,1,en,pink,0.2345692217350006
es,rosa,bars_statistics,1,2,en,brown,0.3476945459842682
es,rosa,bars_statistics,1,3,ru,серый,0.4040522575378418
es,rosa,bars_statistics,1,4,ru,жёлтый,0.42438793182373047
es,rosa,bars_statistics,1,5,en,gray,0.45386093854904175
es,verde,bars_statistics,1,1,ru,зелёный,0.19505749642848969
es,verde,bars_statistics,1,2,en,orange,0.21732796728610992
es,verde,bars_statistics,1,3,en,purple,0.22004269063472748
es,verde,bars_statistics,1,4,en,blue,0.22781850397586823
es,verde,bars_statistics,1,5,ru,чёрный,0.26607900857925415
ru,белый,bars_statistics,1,1,en,red,0.1571069359779358
ru,белый,bars_statistics,1,2,en,gray,0.1748734712600708
ru,белый,bars_statistics,1,3,en,brown,0.2177484929561615
ru,белый,bars_statistics,1,4,es,verde,0.3251393139362335
ru,белый,bars_statistics,1,5,es,morado,0.3494003415107727
ru,голубой,bars_statistics,1,1,en,red,0.32576093077659607
ru,голубой,bars_statistics,1,2,es,morado,0.3346293866634369
ru,голубой,bars_statistics,1,3,en,gray,0.3776415288448334
ru,голубой,bars_statistics,1,4,en,brown,0.41067078709602356
ru,голубой,bars_statistics,1,5,es,verde,0.441243976354599
ru,жёлтый,bars_statistics,1,1,es,naranja,0.27621468901634216
ru,жёлтый,bars_statistics,1,2,es,morado,0.3043444752693176
ru,жёлтый,bars_statistics,1,3,en,pink,0.3300272524356842
ru,жёлтый,bars_statistics,1,4,en,red,0.357962429523468
ru,жёлтый,bars_statistics,1,5,en,gray,0.3586394190788269
ru,зелёный,bars_statistics,1,1,es,verde,0.19505749642848969
ru,зелёный,bars_statistics,1,2,en,orange,0.21888278424739838
ru,зелёный,bars_statistics,1,3,en,purple,0.26408886909484863
ru,зелёный,bars_statistics,1,4,en,blue,0.268266886472702
ru,зелёный,bars_statistics,1,5,en,red,0.2773059010505676
ru,коричневый,bars_statistics,1,1,es,amarillo,0.2565280497074127
ru,коричневый,bars_statistics,1,2,en,yellow,0.36790916323661804
ru,коричневый,bars_statistics,1,3,es,marrón,0.4887392818927765
ru,коричневый,bars_statistics,1,4,es,gris,0.5949475169181824
ru,коричневый,bars_statistics,1,5,es,morado,0.6443334221839905
ru,красный,bars_statistics,1,1,en,black,0.26965272426605225
ru,красный,bars_statistics,1,2,en,white,0.29163244366645813
ru,красный,bars_statistics,1,3,es,blanco,0.346288800239563
ru,красный,bars_statistics,1,4,en,orange,0.3690394163131714
ru,красный,bars_statistics,1,5,en,green,0.3711538314819336
ru,оранжевый,bars_statistics,1,1,es,naranja,0.2765042781829834
ru,оранжевый,bars_statistics,1,2,en,pink,0.42310383915901184
ru,оранжевый,bars_statistics,1,3,es,azul,0.43933114409446716
ru,оранжевый,bars_statistics,1,4,en,red,0.4864060580730438
ru,оранжевый,bars_statistics,1,5,en,gray,0.4911997318267822
ru,розовый,bars_statistics,1,1,es,morado,0.32752612233161926
ru,розовый,bars_statistics,1,2,en,red,0.35046330094337463
ru,розовый,bars_statistics,1,3,es,verde,0.3521435856819153
ru,розовый,bars_statistics,1,4,en,gray,0.3720451295375824
ru,розовый,bars_statistics,1,5,en,orange,0.40766003727912903
ru,серый,bars_statistics,1,1,es,blanco,0.20712780952453613
ru,серый,bars_statistics,1,2,es,rojo,0.20942182838916779
ru,серый,bars_statistics,1,3,en,brown,0.23782014846801758
ru,серый,bars_statistics,1,4,en,purple,0.25859084725379944
ru,серый,bars_statistics,1,5,en,gray,0.2719317078590393
ru,синий,bars_statistics,1,1,es,morado,0.19397442042827606
ru,синий,bars_statistics,1,2,en,brown,0.29337021708488464
ru,синий,bars_statistics,1,3,en,red,0.38405758142471313
ru,синий,bars_statistics,1,4,en,gray,0.3842478096485138
ru,синий,bars_statistics,1,5,es,gris,0.39251580834388733
ru,фиолетовый,bars_statistics,1,1,es,amarillo,1.3164136409759521
ru,фиолетовый,bars_statistics,1,2,en,yellow,1.3538075685501099
ru,фиолетовый,bars_statistics,1,3,es,marrón,1.3878217935562134
ru,фиолетовый,bars_statistics,1,4,es,gris,1.591801643371582
ru,фиолетовый,bars_statistics,1,5,en,pink,1.6664109230041504
ru,чёрный,bars_statistics,1,1,en,red,0.2433837354183197
ru,чёрный,bars_statistics,1,2,es,verde,0.26607900857925415
ru,чёрный,bars_statistics,1,3,en,gray,0.28905606269836426
ru,чёрный,bars_statistics,1,4,en,black,0.2932250499725342
ru,чёрный,bars_statistics,1,5,en,blue,0.3250148594379425
